站点,子站,分类,子分类,设备名称,单位,数量,单价,合价,品牌型号
保定,全站设备汇总,视频监视,硬件设备,线缆（安防监控）,套,0.0,3960.0,0.0,定制
保定,全站设备汇总,通信系统,通信传输,STM-4 光接口,端口,0.0,14700.0,0.0,
保定,全站设备汇总,通信系统,通信传输,STM-64光接口,端口,0.0,78400.0,0.0,
保定,全站设备汇总,通信系统,通信传输,STM-64光接口板,STM-64光接口板,0.0,78400.0,0.0,
保定,全站设备汇总,通信系统,通信传输,千兆以太网接口,端口,0.0,10700.0,0.0,
保定,全站设备汇总,通信系统,通信传输,色散补偿板,项,0.0,11700.0,0.0,
保定,全站设备汇总,通信系统,通信传输,设备子架（含双路电源、双路主控、双路交叉、双路时钟及公务板卡）,套,0.0,98000.0,0.0,
保定,全站设备汇总,通信系统,通信交换,IAD接入设备,台,0.0,1450.0,0.0,
保定,全站设备汇总,通信系统,通信交换,MDF配线柜,套,0.0,6550.0,0.0,
保定,全站设备汇总,通信系统,通信交换,调度台,套,0.0,78000.0,0.0,
保定,全站设备汇总,通信系统,通信交换,软交换,套,0.0,79500.0,0.0,
保定,全站设备汇总,通信系统,光缆监测,1U子框,套,0.0,3000.0,0.0,
保定,全站设备汇总,通信系统,光缆监测,1U电源盘,套,0.0,2000.0,0.0,
保定,全站设备汇总,通信系统,光缆监测,4U子框,套,0.0,6000.0,0.0,
保定,全站设备汇总,通信系统,光缆监测,4U电源盘,套,0.0,2000.0,0.0,
保定,全站设备汇总,通信系统,光缆监测,8路光功率计盘,套,0.0,10000.0,0.0,
保定,全站设备汇总,通信系统,光缆监测,8路光开关盘,套,0.0,20000.0,0.0,
保定,全站设备汇总,通信系统,光缆监测,8路稳定光源,套,0.0,8000.0,0.0,
保定,全站设备汇总,通信系统,光缆监测,RTU盘,套,0.0,160000.0,0.0,
保定,全站设备汇总,通信系统,光缆监测,客户端软件,套,0.0,5000.0,0.0,
保定,全站设备汇总,通信系统,光缆监测,电源转换器,套,0.0,2000.0,0.0,
保定,保定区域应急调度监测站,计算机网络,配套,通信系统,,0.0,0,,
保定,保定区域应急调度监测站,计算机网络,配套,通信传输,,0.0,0,,
保定,保定区域应急调度监测站,计算机网络,配套,设备子架（含双路电源接入及主控、交叉、时钟、公务）,套,0.0,78400.0,0.0,
保定,保定区域应急调度监测站,计算机网络,配套,STM-4 光口,端口,0.0,14700.0,0.0,
保定,保定区域应急调度监测站,计算机网络,配套,以太网接口,端口,0.0,7300.0,0.0,
保定,保定区域应急调度监测站,计算机网络,配套,安装材料,套,0.0,2900.0,0.0,
保定,下车亭管理站,通信系统,通信传输,设备子架（含双路电源接入及主控、交叉、时钟、公务）,设备子架（含双路电源接入及主控、交叉、时钟、公务）,0.0,78400.0,0.0,
保定,下车亭管理站,通信系统,通信传输,STM-64光接口板,STM-64光接口板,0.0,78400.0,0.0,
保定,下车亭管理站,通信系统,通信传输,安装材料,安装材料,0.0,2900.0,0.0,
保定,下车亭管理站,通信系统,通信交换,IAD接入设备,台,0.0,1450.0,0.0,
保定,下车亭管理站,通信系统,通信交换,MDF配线模块,套,0.0,860.0,0.0,
保定,下车亭管理站,通信系统,通信交换,MDF告警采集,套,0.0,5500.0,0.0,
保定,下车亭管理站,通信系统,通信交换,话机,部,0.0,95.0,0.0,
保定,定兴县管理站,通信系统,通信交换,IAD接入设备,台,0.0,1450.0,0.0,
保定,定兴县管理站,通信系统,通信交换,MDF配线模块,套,0.0,860.0,0.0,
保定,定兴县管理站,通信系统,通信交换,MDF告警采集,套,0.0,5500.0,0.0,
保定,定兴县管理站,通信系统,通信交换,话机,部,0.0,95.0,0.0,
保定,涞水管理站,通信系统,通信交换,IAD接入设备,台,0.0,1450.0,0.0,
保定,涞水管理站,通信系统,通信交换,MDF配线模块,套,0.0,860.0,0.0,
保定,涞水管理站,通信系统,通信交换,MDF告警采集,套,0.0,5500.0,0.0,
保定,涞水管理站,通信系统,通信交换,话机,部,0.0,95.0,0.0,
保定,高碑店管理站,通信系统,通信交换,IAD接入设备,台,0.0,1450.0,0.0,
保定,高碑店管理站,通信系统,通信交换,MDF配线模块,套,0.0,860.0,0.0,
保定,高碑店管理站,通信系统,通信交换,MDF告警采集,套,0.0,5500.0,0.0,
保定,高碑店管理站,通信系统,通信交换,话机,部,0.0,95.0,0.0,
保定,荆柯山管理站,通信系统,通信传输,设备子架（含双路电源接入及主控、交叉、时钟、公务）,设备子架（含双路电源接入及主控、交叉、时钟、公务）,0.0,78400.0,0.0,
保定,荆柯山管理站,通信系统,通信传输,STM-4 光口,STM-4 光口,0.0,14700.0,0.0,
保定,荆柯山管理站,通信系统,通信传输,以太网接口,以太网接口,0.0,7300.0,0.0,
保定,荆柯山管理站,通信系统,通信传输,安装材料,安装材料,0.0,2900.0,0.0,
保定,荆柯山管理站,通信系统,通信传输,设备子架（含双路电源接入及主控、交叉、时钟、公务）,设备子架（含双路电源接入及主控、交叉、时钟、公务）,0.0,78400.0,0.0,
保定,荆柯山管理站,通信系统,通信传输,STM-64光接口板,STM-64光接口板,0.0,78400.0,0.0,
保定,荆柯山管理站,通信系统,通信传输,安装材料,安装材料,0.0,2900.0,0.0,
保定,荆柯山管理站,通信系统,通信交换,IAD接入设备,台,0.0,1450.0,0.0,
保定,荆柯山管理站,通信系统,通信交换,MDF配线模块,套,0.0,860.0,0.0,
保定,荆柯山管理站,通信系统,通信交换,MDF告警采集,套,0.0,5500.0,0.0,
保定,荆柯山管理站,通信系统,通信交换,话机,部,0.0,95.0,0.0,
保定,易县管理站,通信系统,通信交换,IAD接入设备,台,0.0,1450.0,0.0,
保定,易县管理站,通信系统,通信交换,MDF配线模块,套,0.0,860.0,0.0,
保定,易县管理站,通信系统,通信交换,MDF告警采集,套,0.0,5500.0,0.0,
保定,易县管理站,通信系统,通信交换,话机,部,0.0,95.0,0.0,
保定,容城管理站,通信系统,通信交换,IAD接入设备,台,0.0,4300.0,0.0,
保定,容城管理站,通信系统,通信交换,MDF配线模块,套,0.0,860.0,0.0,
保定,容城管理站,通信系统,通信交换,MDF告警采集,套,0.0,5500.0,0.0,
保定,容城管理站,通信系统,通信交换,话机,部,0.0,95.0,0.0,
保定,安新管理站,通信系统,通信交换,IAD接入设备,台,0.0,4300.0,0.0,
保定,安新管理站,通信系统,通信交换,MDF配线模块,套,0.0,860.0,0.0,
保定,安新管理站,通信系统,通信交换,MDF告警采集,套,0.0,5500.0,0.0,
保定,安新管理站,通信系统,通信交换,话机,部,0.0,95.0,0.0,
保定,徐水管理站,通信系统,通信交换,IAD接入设备,台,0.0,4300.0,0.0,
保定,徐水管理站,通信系统,通信交换,MDF配线模块,套,0.0,860.0,0.0,
保定,徐水管理站,通信系统,通信交换,MDF告警采集,套,0.0,5500.0,0.0,
保定,徐水管理站,通信系统,通信交换,话机,部,0.0,95.0,0.0,
保定,白沟管理站,通信系统,通信交换,IAD接入设备,台,0.0,4300.0,0.0,
保定,白沟管理站,通信系统,通信交换,MDF配线模块,套,0.0,860.0,0.0,
保定,白沟管理站,通信系统,通信交换,MDF告警采集,套,0.0,5500.0,0.0,
保定,白沟管理站,通信系统,通信交换,话机,部,0.0,95.0,0.0,
保定,雄县管理站,通信系统,通信交换,IAD接入设备,台,0.0,4300.0,0.0,
保定,雄县管理站,通信系统,通信交换,MDF配线模块,套,0.0,860.0,0.0,
保定,雄县管理站,通信系统,通信交换,MDF告警采集,套,0.0,5500.0,0.0,
保定,雄县管理站,通信系统,通信交换,话机,部,0.0,95.0,0.0,
保定,保定末端管理站,通信系统,通信传输,设备子架（含双路电源、双路主控、双路交叉、双路时钟及公务板卡）,套,0.0,98000.0,0.0,
保定,保定末端管理站,通信系统,通信传输,STM-64光接口,端口,0.0,78400.0,0.0,
保定,保定末端管理站,通信系统,通信传输,STM-4 光接口,端口,0.0,14700.0,0.0,
保定,保定末端管理站,通信系统,通信传输,千兆以太网接口,端口,0.0,10700.0,0.0,
保定,保定末端管理站,通信系统,通信传输,色散补偿板,项,0.0,11700.0,0.0,
保定,保定末端管理站,通信系统,通信传输,安装材料,套,0.0,2900.0,0.0,
保定,保定末端管理站,通信系统,通信传输,以太网接口,套,0.0,7300.0,0.0,
保定,保定末端管理站,通信系统,通信交换,MDF配线柜,套,0.0,6550.0,0.0,
保定,保定末端管理站,通信系统,通信交换,MDF告警采集,套,0.0,5500.0,0.0,
保定,保定末端管理站,通信系统,通信交换,话机,部,0.0,95.0,0.0,
保定,保定末端管理站,通信系统,通信交换,软交换,套,0.0,79500.0,0.0,
保定,保定末端管理站,通信系统,通信交换,调度台,套,0.0,78000.0,0.0,
保定,保定末端管理站,通信系统,光缆监测,1U子框,套,0.0,3000.0,0.0,
保定,保定末端管理站,通信系统,光缆监测,1U电源盘,套,0.0,2000.0,0.0,
保定,保定末端管理站,通信系统,光缆监测,8路稳定光源,套,0.0,8000.0,0.0,
保定,保定末端管理站,通信系统,光缆监测,电源转换器,套,0.0,2000.0,0.0,
保定,塔坡管理站,通信系统,通信传输,设备子架（含双路电源接入及主控、交叉、时钟、公务）,设备子架（含双路电源接入及主控、交叉、时钟、公务）,0.0,78400.0,0.0,
保定,塔坡管理站,通信系统,通信传输,STM-4 光口,STM-4 光口,0.0,14700.0,0.0,
保定,塔坡管理站,通信系统,通信传输,以太网接口,以太网接口,0.0,7300.0,0.0,
保定,塔坡管理站,通信系统,通信传输,安装材料,安装材料,0.0,2900.0,0.0,
保定,塔坡管理站,通信系统,通信交换,IAD接入设备,台,0.0,4300.0,0.0,
保定,塔坡管理站,通信系统,通信交换,MDF配线模块,套,0.0,860.0,0.0,
保定,塔坡管理站,通信系统,通信交换,MDF告警采集,套,0.0,5500.0,0.0,
保定,塔坡管理站,通信系统,通信交换,话机,部,0.0,95.0,0.0,
保定,顺平管理站,通信系统,通信交换,IAD接入设备,台,0.0,4300.0,0.0,
保定,顺平管理站,通信系统,通信交换,MDF配线模块,套,0.0,860.0,0.0,
保定,顺平管理站,通信系统,通信交换,MDF告警采集,套,0.0,5500.0,0.0,
保定,顺平管理站,通信系统,通信交换,话机,部,0.0,95.0,0.0,
保定,高昌管理站,通信系统,通信传输,设备子架（含双路电源接入及主控、交叉、时钟、公务）,设备子架（含双路电源接入及主控、交叉、时钟、公务）,0.0,78400.0,0.0,
保定,高昌管理站,通信系统,通信传输,STM-4 光口,STM-4 光口,0.0,14700.0,0.0,
保定,高昌管理站,通信系统,通信传输,以太网接口,以太网接口,0.0,7300.0,0.0,
保定,高昌管理站,通信系统,通信传输,安装材料,安装材料,0.0,2900.0,0.0,
保定,高昌管理站,通信系统,通信交换,IAD接入设备,台,0.0,4300.0,0.0,
保定,高昌管理站,通信系统,通信交换,MDF配线模块,套,0.0,860.0,0.0,
保定,高昌管理站,通信系统,通信交换,MDF告警采集,套,0.0,5500.0,0.0,
保定,高昌管理站,通信系统,通信交换,话机,部,0.0,95.0,0.0,
保定,唐望管理站,通信系统,通信传输,设备子架（含双路电源接入及主控、交叉、时钟、公务）,设备子架（含双路电源接入及主控、交叉、时钟、公务）,0.0,78400.0,0.0,
保定,唐望管理站,通信系统,通信传输,STM-64光接口板,STM-64光接口板,0.0,78400.0,0.0,
保定,唐望管理站,通信系统,通信传输,安装材料,安装材料,0.0,2900.0,0.0,
保定,唐望管理站,通信系统,通信传输,设备子架（含双路电源接入及主控、交叉、时钟、公务）,设备子架（含双路电源接入及主控、交叉、时钟、公务）,0.0,78400.0,0.0,
保定,唐望管理站,通信系统,通信传输,STM-4 光口,STM-4 光口,0.0,14700.0,0.0,
保定,唐望管理站,通信系统,通信传输,以太网接口,以太网接口,0.0,7300.0,0.0,
保定,唐望管理站,通信系统,通信传输,安装材料,安装材料,0.0,2900.0,0.0,
保定,唐望管理站,通信系统,通信交换,IAD接入设备,台,0.0,4300.0,0.0,
保定,唐望管理站,通信系统,通信交换,MDF配线模块,套,0.0,860.0,0.0,
保定,唐望管理站,通信系统,通信交换,MDF告警采集,套,0.0,5500.0,0.0,
保定,唐望管理站,通信系统,通信交换,话机,部,0.0,95.0,0.0,
保定,唐县管理站,通信系统,通信交换,IAD接入设备,台,0.0,4300.0,0.0,
保定,唐县管理站,通信系统,通信交换,MDF配线模块,套,0.0,860.0,0.0,
保定,唐县管理站,通信系统,通信交换,MDF告警采集,套,0.0,5500.0,0.0,
保定,唐县管理站,通信系统,通信交换,话机,部,0.0,95.0,0.0,
保定,望都管理站,通信系统,通信交换,IAD接入设备,台,0.0,4300.0,0.0,
保定,望都管理站,通信系统,通信交换,MDF配线模块,套,0.0,860.0,0.0,
保定,望都管理站,通信系统,通信交换,MDF告警采集,套,0.0,5500.0,0.0,
保定,望都管理站,通信系统,通信交换,话机,部,0.0,95.0,0.0,
保定,曲阳管理站,通信系统,通信交换,IAD接入设备,台,0.0,4300.0,0.0,
保定,曲阳管理站,通信系统,通信交换,MDF配线模块,套,0.0,860.0,0.0,
保定,曲阳管理站,通信系统,通信交换,MDF告警采集,套,0.0,5500.0,0.0,
保定,曲阳管理站,通信系统,通信交换,话机,部,0.0,95.0,0.0,
保定,留营管理站,通信系统,通信传输,设备子架（含双路电源接入及主控、交叉、时钟、公务）,设备子架（含双路电源接入及主控、交叉、时钟、公务）,0.0,78400.0,0.0,
保定,留营管理站,通信系统,通信传输,STM-4 光口,STM-4 光口,0.0,14700.0,0.0,
保定,留营管理站,通信系统,通信传输,以太网接口,以太网接口,0.0,7300.0,0.0,
保定,留营管理站,通信系统,通信传输,安装材料,安装材料,0.0,2900.0,0.0,
保定,留营管理站,通信系统,通信交换,IAD接入设备,台,0.0,4300.0,0.0,
保定,留营管理站,通信系统,通信交换,MDF配线模块,套,0.0,860.0,0.0,
保定,留营管理站,通信系统,通信交换,MDF告警采集,套,0.0,5500.0,0.0,
保定,留营管理站,通信系统,通信交换,话机,部,0.0,95.0,0.0,
保定,国华电厂管理站,通信系统,通信交换,IAD接入设备,台,0.0,4300.0,0.0,
保定,国华电厂管理站,通信系统,通信交换,MDF配线模块,套,0.0,860.0,0.0,
保定,国华电厂管理站,通信系统,通信交换,MDF告警采集,套,0.0,5500.0,0.0,
保定,国华电厂管理站,通信系统,通信交换,话机,部,0.0,95.0,0.0,
保定,郑家佐管理站,通信系统,通信传输,设备子架（含双路电源接入及主控、交叉、时钟、公务）,设备子架（含双路电源接入及主控、交叉、时钟、公务）,0.0,78400.0,0.0,
保定,郑家佐管理站,通信系统,通信传输,STM-4 光口,STM-4 光口,0.0,14700.0,0.0,
保定,郑家佐管理站,通信系统,通信传输,以太网接口,以太网接口,0.0,7300.0,0.0,
保定,郑家佐管理站,通信系统,通信传输,安装材料,安装材料,0.0,2900.0,0.0,
保定,郑家佐管理站,通信系统,通信交换,IAD接入设备,台,0.0,4300.0,0.0,
保定,郑家佐管理站,通信系统,通信交换,MDF配线模块,套,0.0,860.0,0.0,
保定,郑家佐管理站,通信系统,通信交换,MDF告警采集,套,0.0,5500.0,0.0,
保定,郑家佐管理站,通信系统,通信交换,话机,部,0.0,95.0,0.0,
保定,郑家佐管理站,通信系统,光缆监测,8路光开关盘,套,0.0,20000.0,0.0,
保定,郑家佐管理站,通信系统,光缆监测,8路光功率计盘,套,0.0,10000.0,0.0,
保定,郑家佐管理站,通信系统,光缆监测,RTU盘,套,0.0,160000.0,0.0,
保定,郑家佐管理站,通信系统,光缆监测,1U子框,套,0.0,3000.0,0.0,
保定,郑家佐管理站,通信系统,光缆监测,1U电源盘,套,0.0,2000.0,0.0,
保定,郑家佐管理站,通信系统,光缆监测,4U子框,套,0.0,6000.0,0.0,
保定,郑家佐管理站,通信系统,光缆监测,4U电源盘,套,0.0,2000.0,0.0,
保定,郑家佐管理站,通信系统,光缆监测,电源转换器,套,0.0,2000.0,0.0,
保定,郑家佐管理站,通信系统,光缆监测,客户端软件,套,0.0,5000.0,0.0,
保定,李家佐管理站,通信系统,通信传输,设备子架（含双路电源接入及主控、交叉、时钟、公务）,设备子架（含双路电源接入及主控、交叉、时钟、公务）,0.0,78400.0,0.0,
保定,李家佐管理站,通信系统,通信传输,STM-4 光口,STM-4 光口,0.0,14700.0,0.0,
保定,李家佐管理站,通信系统,通信传输,以太网接口,以太网接口,0.0,7300.0,0.0,
保定,李家佐管理站,通信系统,通信传输,安装材料,安装材料,0.0,2900.0,0.0,
保定,李家佐管理站,通信系统,通信交换,IAD接入设备,台,0.0,4300.0,0.0,
保定,李家佐管理站,通信系统,通信交换,MDF配线模块,套,0.0,860.0,0.0,
保定,李家佐管理站,通信系统,通信交换,MDF告警采集,套,0.0,5500.0,0.0,
保定,李家佐管理站,通信系统,通信交换,话机,部,0.0,95.0,0.0,
保沧,全站设备汇总,通信系统,通信传输,STM-4 光口,端口,0.0,14700.0,0.0,
保沧,全站设备汇总,通信系统,通信传输,设备子架（含双路电源接入及主控、交叉、时钟、公务）,套,0.0,78400.0,0.0,
保沧,全站设备汇总,通信系统,通信交换,IAD接入设备 IAD-16端口,台,0.0,4300.0,0.0,设备调剂到高阳管理所
保沧,全站设备汇总,通信系统,通信交换,MDF配线模块 综合机柜专用32回线,套,0.0,860.0,0.0,
保沧,保沧干渠区域应急调度监测站,计算机网络,配套,通信系统,,0.0,0,,
保沧,保沧干渠区域应急调度监测站,计算机网络,配套,通信传输,,0.0,0,,
保沧,保沧干渠区域应急调度监测站,计算机网络,配套,STM-4 光口,端口,0.0,14700.0,0.0,
保沧,保沧干渠区域应急调度监测站,计算机网络,配套,STM-4 光口,端口,0.0,14700.0,0.0,
保沧,保沧干渠区域应急调度监测站,计算机网络,配套,以太网接口,端口,0.0,7300.0,0.0,
保沧,保沧干渠区域应急调度监测站,计算机网络,配套,安装材料,套,0.0,2900.0,0.0,
保沧,保沧干渠区域应急调度监测站,计算机网络,配套,设备子架（含双路电源接入及主控、交叉、时钟、公务）,套,0.0,78400.0,0.0,
保沧,蠡县调压管理站,通信系统,通信传输,STM-4 光口 端口,2,0.0,14700.0,0.0,
保沧,蠡县调压管理站,通信系统,通信传输,STM-4 光口 端口,2,0.0,14700.0,0.0,
保沧,蠡县调压管理站,通信系统,通信传输,以太网接口 端口,8,0.0,7300.0,0.0,
保沧,蠡县调压管理站,通信系统,通信传输,设备子架（含双路电源接入及主控、交叉、时钟、公务） 套,1,0.0,78400.0,0.0,
保沧,蠡县调压管理站,通信系统,通信交换,IAD接入设备,台,0.0,4300.0,0.0,
保沧,蠡县调压管理站,通信系统,通信交换,MDF告警采集,套,0.0,5500.0,0.0,
保沧,蠡县调压管理站,通信系统,通信交换,MDF配线模块,套,0.0,860.0,0.0,
保沧,蠡县调压管理站,通信系统,通信交换,话机,部,0.0,95.0,0.0,
保沧,任丘管理站,通信系统,通信传输,STM-4 光口 端口,2,0.0,14700.0,0.0,
保沧,任丘管理站,通信系统,通信传输,STM-4 光口 端口,2,0.0,14700.0,0.0,
保沧,任丘管理站,通信系统,通信传输,以太网接口 端口,8,0.0,7300.0,0.0,
保沧,任丘管理站,通信系统,通信传输,设备子架（含双路电源接入及主控、交叉、时钟、公务） 套,1,0.0,78400.0,0.0,
保沧,文安管理站,通信系统,通信传输,STM-4 光口 端口,2,0.0,14700.0,0.0,
保沧,文安管理站,通信系统,通信传输,以太网接口 端口,8,0.0,7300.0,0.0,
保沧,文安管理站,通信系统,通信传输,设备子架（含双路电源接入及主控、交叉、时钟、公务） 套,1,0.0,78400.0,0.0,
保沧,文安管理站,通信系统,通信交换,IAD接入设备,台,0.0,4300.0,0.0,
保沧,文安管理站,通信系统,通信交换,MDF告警采集,套,0.0,5500.0,0.0,
保沧,文安管理站,通信系统,通信交换,MDF配线模块,套,0.0,860.0,0.0,
保沧,文安管理站,通信系统,通信交换,话机,部,0.0,95.0,0.0,
保沧,安国管理站,通信系统,通信交换,IAD接入设备,台,0.0,4300.0,0.0,
保沧,安国管理站,通信系统,通信交换,MDF告警采集,套,0.0,5500.0,0.0,
保沧,安国管理站,通信系统,通信交换,MDF配线模块,套,0.0,860.0,0.0,
保沧,安国管理站,通信系统,通信交换,话机,部,0.0,95.0,0.0,
保沧,博野管理站,通信系统,通信传输,STM-4 光口 端口,2,0.0,14700.0,0.0,
保沧,博野管理站,通信系统,通信传输,以太网接口 端口,8,0.0,7300.0,0.0,
保沧,博野管理站,通信系统,通信传输,设备子架（含双路电源接入及主控、交叉、时钟、公务） 套,1,0.0,78400.0,0.0,
保沧,博野管理站,通信系统,通信交换,IAD接入设备,台,0.0,4300.0,0.0,
保沧,博野管理站,通信系统,通信交换,MDF告警采集,套,0.0,5500.0,0.0,
保沧,博野管理站,通信系统,通信交换,MDF配线模块,套,0.0,860.0,0.0,
保沧,博野管理站,通信系统,通信交换,话机,部,0.0,95.0,0.0,
保沧,蠡县管理站,通信系统,通信传输,STM-4 光口 端口,2,0.0,14700.0,0.0,
保沧,蠡县管理站,通信系统,通信传输,以太网接口 端口,8,0.0,7300.0,0.0,
保沧,蠡县管理站,通信系统,通信传输,设备子架（含双路电源接入及主控、交叉、时钟、公务） 套,1,0.0,78400.0,0.0,
保沧,蠡县管理站,通信系统,通信交换,IAD接入设备,台,0.0,4300.0,0.0,
保沧,蠡县管理站,通信系统,通信交换,MDF告警采集,套,0.0,5500.0,0.0,
保沧,蠡县管理站,通信系统,通信交换,MDF配线模块,套,0.0,860.0,0.0,
保沧,蠡县管理站,通信系统,通信交换,话机,部,0.0,95.0,0.0,
保沧,高阳管理站,通信系统,通信传输,STM-4 光口 端口,2,0.0,14700.0,0.0,
保沧,高阳管理站,通信系统,通信传输,以太网接口 端口,8,0.0,7300.0,0.0,
保沧,高阳管理站,通信系统,通信传输,设备子架（含双路电源接入及主控、交叉、时钟、公务） 套,1,0.0,78400.0,0.0,
保沧,高阳管理站,通信系统,通信交换,IAD接入设备,台,0.0,4300.0,0.0,
保沧,高阳管理站,通信系统,通信交换,MDF告警采集,套,0.0,5500.0,0.0,
保沧,高阳管理站,通信系统,通信交换,MDF配线模块,套,0.0,860.0,0.0,
保沧,高阳管理站,通信系统,通信交换,话机,部,0.0,95.0,0.0,
保沧,高阳管理所,通信系统,通信交换,IAD接入设备 IAD-16端口,台,0.0,4300.0,0.0,设备调剂到高阳管理所
保沧,高阳管理所,通信系统,通信交换,MDF告警采集,套,0.0,5500.0,0.0,
保沧,高阳管理所,通信系统,通信交换,MDF配线模块 综合机柜专用32回线,套,0.0,860.0,0.0,
保沧,高阳管理所,通信系统,通信交换,话机,部,0.0,95.0,0.0,
廊坊,全站设备汇总,通信系统,通信交换,IAD接入设备,台,0.0,4300.0,0.0,
廊坊,全站设备汇总,通信系统,通信交换,IAD接入设备,台,0.0,1450.0,0.0,
廊坊,全站设备汇总,通信系统,通信交换,MDF告警采集,套,0.0,5500.0,0.0,
廊坊,全站设备汇总,通信系统,通信交换,MDF配线柜,套,0.0,6550.0,0.0,
廊坊,全站设备汇总,通信系统,通信交换,MDF配线模块,套,0.0,860.0,0.0,
廊坊,全站设备汇总,通信系统,通信交换,综合媒体网关,套,0.0,235600.0,0.0,
廊坊,全站设备汇总,通信系统,通信交换,话机,部,0.0,95.0,0.0,
廊坊,全站设备汇总,通信系统,通信交换,调度台,套,0.0,78000.0,0.0,
廊坊,全站设备汇总,通信系统,通信交换,软交换,套,0.0,79500.0,0.0,
廊坊,全站设备汇总,通信系统,光缆监测,MDF告警监测终端,台,0.0,9800.0,0.0,
廊坊,廊坊管理处,通信系统,通信交换,MDF配线柜,套,0.0,6550.0,0.0,
廊坊,廊坊管理处,通信系统,通信交换,MDF告警采集,套,0.0,5500.0,0.0,
廊坊,廊坊管理处,通信系统,通信交换,话机,部,0.0,95.0,0.0,
廊坊,廊坊管理处,通信系统,通信交换,软交换,套,0.0,79500.0,0.0,
廊坊,廊坊管理处,通信系统,通信交换,调度台,套,0.0,78000.0,0.0,
廊坊,廊坊管理处,通信系统,通信交换,综合媒体网关,套,0.0,235600.0,0.0,
廊坊,廊坊管理处,通信系统,光缆监测,MDF告警监测终端,台,0.0,9800.0,0.0,
廊坊,霸州管理所,通信系统,通信交换,IAD接入设备,台,0.0,4300.0,0.0,
廊坊,霸州管理所,通信系统,通信交换,MDF配线模块,套,0.0,860.0,0.0,
廊坊,霸州管理所,通信系统,通信交换,MDF告警采集,套,0.0,5500.0,0.0,
廊坊,霸州管理所,通信系统,通信交换,话机,部,0.0,95.0,0.0,
廊坊,胜芳泵站,通信系统,通信交换,IAD接入设备,台,0.0,1450.0,0.0,
廊坊,胜芳泵站,通信系统,通信交换,MDF配线模块,套,0.0,860.0,0.0,
廊坊,胜芳泵站,通信系统,通信交换,MDF告警采集,套,0.0,5500.0,0.0,
廊坊,胜芳泵站,通信系统,通信交换,话机,部,0.0,95.0,0.0,
廊涿,涿州管理站,通信,,MSTP光传输设备（622M）,套,0.0,44732.64,0.0,
廊涿,涿州管理站,通信,,智能PCM终端设备(FXS2路),套,0.0,140.63,0.0,
廊涿,涿州管理站,通信,,话机,部,0.0,120.24,0.0,
廊涿,涿州管理站,通信,,配套材料,套,0.0,1125.07,0.0,
廊涿,涿州管理站,通信,,综合配线单元,套,0.0,84.38,0.0,
廊涿,涿州管理站,通信,,光纤数字配线柜（用作通信系统综合机柜）,台,0.0,1181.32,0.0,
廊涿,涿州管理站,通信,,72芯ODM（含机框）（优逸思）,套,0.0,708.79,0.0,
廊涿,松林店管理站,通信,,72芯ODM（含机框）（优逸思）,套,0.0,708.79,0.0,
廊涿,固安管理站,工程监控,,远程I/O柜（含远程I/O模块、自带光口、IP等级55、柜体）,套,,0.0,0.0,
廊涿,固安管理站,通信,,72芯ODM（含机框）（优逸思）,套,0.0,708.79,0.0,
廊涿,固安工业园区管理站,通信,,72芯ODM（含机框）（优逸思）,套,0.0,708.79,0.0,
廊涿,永清管理站,通信,,72芯ODM（含机框）（优逸思）,套,0.0,708.79,0.0,
廊涿,广阳调压管理站,通信,,72芯ODM（含机框）（优逸思）,套,0.0,708.79,0.0,
廊涿,廊涿渠首管理站,通信,,MSTP光传输设备（622M）,套,0.0,44732.64,0.0,
廊涿,廊涿渠首管理站,通信,,智能PCM终端设备(FXS2路),套,0.0,140.63,0.0,
廊涿,廊涿渠首管理站,通信,,话机,部,0.0,120.24,0.0,
廊涿,廊涿渠首管理站,通信,,配套材料,套,0.0,1125.07,0.0,
廊涿,廊涿渠首管理站,通信,,综合配线单元,套,0.0,84.38,0.0,
廊涿,廊涿渠首管理站,通信,,光纤数字配线柜（用作通信系统综合机柜）,台,0.0,1181.32,0.0,
廊涿,廊涿渠首管理站,通信,,72芯ODM（含机框）（优逸思）,套,0.0,708.79,0.0,
廊涿,廊涿干渠管理处,通信,,维护终端LCT（高性能PC机、网管客户端软件）,套,0.0,1406.33,0.0,
廊涿,廊涿干渠管理处,通信,,开关电源柜48V/200A,台,0.0,679.26,0.0,
廊涿,廊涿干渠管理处,通信,,阀控蓄电池48V/500AH,套,0.0,2417.49,0.0,
廊涿,廊涿干渠管理处,通信,,72芯ODM（含机框）（优逸思）,套,0.0,708.79,0.0,
廊涿,廊涿干渠管理处,通信,,软交换,项,0.0,2236.07,0.0,
廊涿,廊涿干渠管理处,通信,,其他费用,,,0.0,0.0,
廊涿,廊涿干渠管理处,通信,,光缆断点部分,,,0.0,0.0,
廊涿,廊涿干渠管理处,通信,,光缆断点修复,项,0.0,10736.37,0.0,
廊涿,廊涿干渠管理处,通信,,光缆断点成段修复,项,0.0,18838.39,0.0,
廊涿,廊涿干渠管理处,实体环境,,大屏幕显示系统（DLP）,套,0.0,401869.52,0.0,
总调中心,全站设备汇总,通信交换,,MDF配线柜,套,0.0,6550.0,0.0,
总调中心,全站设备汇总,通信交换,,MDF告警采集,套,0.0,5500.0,0.0,
总调中心,全站设备汇总,通信交换,,话机,部,0.0,95.0,0.0,
总调中心,全站设备汇总,通信交换,,软交换,套,0.0,87500.0,0.0,
总调中心,全站设备汇总,通信交换,,综合媒体网关,套,0.0,235600.0,0.0,
总调中心,全站设备汇总,通信交换,,软交换,套,0.0,1109800.0,0.0,
总调中心,全站设备汇总,通信交换,,网络安全,套,0.0,86000.0,0.0,
总调中心,全站设备汇总,通信交换,,调度系统,套,0.0,98560.0,0.0,
总调中心,全站设备汇总,通信交换,,调度台,套,0.0,78000.0,0.0,
总调中心,全站设备汇总,通信交换,,录音系统,套,0.0,89500.0,0.0,
总调中心,全站设备汇总,通信交换,,MDF告警监测终端,台,0.0,9800.0,0.0,
总调中心,全站设备汇总,通信交换,,网管系统,套,0.0,105000.0,0.0,
总调中心,全站设备汇总,通信交换,,MDF配线柜,套,0.0,6550.0,0.0,
总调中心,全站设备汇总,通信交换,,MDF告警采集,套,0.0,5500.0,0.0,
总调中心,全站设备汇总,通信交换,,话机,部,0.0,95.0,0.0,
总调中心,全站设备汇总,通信交换,,软交换,套,0.0,87500.0,0.0,
总调中心,全站设备汇总,通信交换,,调度台,套,0.0,78000.0,0.0,
总调中心,全站设备汇总,通信交换,,综合媒体网关,套,0.0,235600.0,0.0,
总调中心,全站设备汇总,通信交换,,软交换,套,0.0,1109800.0,0.0,
总调中心,全站设备汇总,通信交换,,备用网管系统,套,0.0,105000.0,0.0,
总调中心,全站设备汇总,通信交换,,网络安全,套,0.0,86000.0,0.0,
总调中心,全站设备汇总,通信交换,,调度系统,套,0.0,98560.0,0.0,
总调中心,全站设备汇总,通信交换,,录音系统,套,0.0,89500.0,0.0,
总调中心,全站设备汇总,通信交换,,MDF告警监测终端,套,0.0,9800.0,0.0,
总调中心,全站设备汇总,通信传输,,设备机柜,架,0.0,4900.0,0.0,
总调中心,全站设备汇总,通信传输,,设备子架（含双路电源、 双路主控、双路交叉、 双路时钟及公务板卡）,套,0.0,98000.0,0.0,
总调中心,全站设备汇总,通信传输,,STM-64光接口,端口,0.0,78400.0,0.0,
总调中心,全站设备汇总,通信传输,,千兆以太网接口,端口,0.0,10700.0,0.0,
总调中心,全站设备汇总,通信传输,,光功率及前置放大板,项,0.0,49000.0,0.0,
总调中心,全站设备汇总,通信传输,,色散补偿板,项,0.0,11700.0,0.0,
总调中心,全站设备汇总,通信传输,,安装材料,套,0.0,2900.0,0.0,
总调中心,全站设备汇总,通信传输,,BITS时钟,套,0.0,98000.0,0.0,
总调中心,全站设备汇总,通信传输,,MSTP网管,项,0.0,49000.0,0.0,
总调中心,全站设备汇总,通信传输,,本地维护终端,台,0.0,19600.0,0.0,
总调中心,全站设备汇总,通信传输,,扩展子架,套,0.0,98000.0,0.0,
总调中心,全站设备汇总,通信传输,,以太网接口,端口,0.0,7300.0,0.0,
总调中心,全站设备汇总,通信传输,,时钟设备机柜,架,0.0,4900.0,0.0,
总调中心,全站设备汇总,通信电源,,开关电源,台,0.0,24100.0,0.0,
总调中心,全站设备汇总,通信电源,,阀控蓄电池,组,0.0,21950.0,0.0,
总调中心,全站设备汇总,光缆监测,,服务器网管软件 OLMScape-Server,1,0.0,1.0,0.0,
总调中心,全站设备汇总,光缆监测,,客户端计算机 Lenovo,1,0.0,1.0,0.0,
总调中心,全站设备汇总,光缆监测,,服务器计算机 Lenovo,1,0.0,1.0,0.0,
总调中心,全站设备汇总,光缆监测,,交换机 Switch-1-16-A-41,1,0.0,1.0,0.0,
总调中心,全站设备汇总,光缆监测,,打印机 HP,1,0.0,1.0,0.0,
总调中心,全站设备汇总,光缆监测,,招标代理费,,0.0,2200.0,0.0,
总调中心,全站设备汇总,通信施工,,综合机柜,,0.0,2500.0,0.0,
总调中心,全站设备汇总,通信施工,,直流配电屏,,0.0,1800.0,0.0,
总调中心,全站设备汇总,通信施工,,电力电缆 ZA-RVV 4*16+1*10,,0.0,70.0,0.0,
总调中心,全站设备汇总,通信施工,,电力电缆 ZA-RVV 1*95,,0.0,60.0,0.0,
总调中心,全站设备汇总,通信施工,,电力电缆 ZA-RVV 1*35,,0.0,25.0,0.0,
总调中心,全站设备汇总,通信施工,,铜接线端子95平方毫米,,0.0,14.0,0.0,
总调中心,全站设备汇总,通信施工,,铜接线端子 35平方毫米,,0.0,8.0,0.0,
总调中心,全站设备汇总,通信施工,,铜接线端子 16平方毫米,,0.0,5.0,0.0,
总调中心,全站设备汇总,通信施工,,铜接线端子 10平方毫米,,0.0,4.0,0.0,
沧州,全站设备汇总,通信系统,通信传输,STM-4 光口,端口,0.0,14700.0,0.0,
沧州,全站设备汇总,通信系统,通信传输,STM-4 光接口,端口,0.0,14700.0,0.0,
沧州,全站设备汇总,通信系统,通信传输,STM-64光接口,端口,0.0,78400.0,0.0,
沧州,全站设备汇总,通信系统,通信传输,以太网接口,端口,0.0,7300.0,0.0,
沧州,全站设备汇总,通信系统,通信传输,千兆以太网接口,端口,0.0,10700.0,0.0,
沧州,全站设备汇总,通信系统,通信传输,安装材料,套,0.0,2900.0,0.0,
沧州,全站设备汇总,通信系统,通信传输,色散补偿板,项,0.0,11700.0,0.0,
沧州,全站设备汇总,通信系统,通信传输,设备子架（含双路电源接入及主控、交叉、时钟、公务）,套,0.0,78400.0,0.0,
沧州,全站设备汇总,通信系统,通信传输,"设备子架（含双路电源、
双路主控、双路交叉、
双路时钟及公务板卡）",套,0.0,98000.0,0.0,
沧州,全站设备汇总,通信系统,通信电源,开关电源,台,0.0,24100.0,0.0,
沧州,全站设备汇总,通信系统,通信电源,阀控蓄电池,组,0.0,21950.0,0.0,
沧州,全站设备汇总,通信系统,通信交换,IAD接入设备,台,0.0,1450.0,0.0,IAD-8端口
沧州,全站设备汇总,通信系统,通信交换,IAD接入设备,台,0.0,4300.0,0.0,
沧州,全站设备汇总,通信系统,通信交换,MDF告警采集,套,0.0,5500.0,0.0,
沧州,全站设备汇总,通信系统,通信交换,MDF配线柜,套,0.0,6550.0,0.0,
沧州,全站设备汇总,通信系统,通信交换,MDF配线模块,套,0.0,860.0,0.0,综合机柜专用32回线
沧州,全站设备汇总,通信系统,通信交换,综合媒体网关,套,0.0,235600.0,0.0,
沧州,全站设备汇总,通信系统,通信交换,话机,部,0.0,95.0,0.0,
沧州,全站设备汇总,通信系统,通信交换,调度台,套,0.0,78000.0,0.0,
沧州,全站设备汇总,通信系统,通信交换,软交换,套,0.0,79500.0,0.0,
沧州,交河管理站,通信系统,通信传输,设备子架（含双路电源接入及主控、交叉、时钟、公务）,套,0.0,78400.0,0.0,
沧州,交河管理站,通信系统,通信传输,STM-4 光口,端口,0.0,14700.0,0.0,
沧州,交河管理站,通信系统,通信传输,以太网接口,端口,0.0,7300.0,0.0,
沧州,交河管理站,通信系统,通信传输,安装材料,套,0.0,2900.0,0.0,
沧州,交河管理站,通信系统,通信交换,IAD接入设备,台,0.0,1450.0,0.0,
沧州,交河管理站,通信系统,通信交换,MDF配线模块,套,0.0,860.0,0.0,
沧州,交河管理站,通信系统,通信交换,MDF告警采集,套,0.0,5500.0,0.0,
沧州,交河管理站,通信系统,通信交换,话机,部,0.0,95.0,0.0,
沧州,李八里管理站,通信系统,通信传输,设备子架（含双路电源接入及主控、交叉、时钟、公务）,套,0.0,78400.0,0.0,
沧州,李八里管理站,通信系统,通信传输,STM-4 光口,端口,0.0,14700.0,0.0,
沧州,李八里管理站,通信系统,通信传输,以太网接口,端口,0.0,7300.0,0.0,
沧州,李八里管理站,通信系统,通信传输,安装材料,套,0.0,2900.0,0.0,
沧州,李八里管理站,通信系统,通信交换,IAD接入设备,台,0.0,1450.0,0.0,
沧州,李八里管理站,通信系统,通信交换,MDF配线模块,套,0.0,860.0,0.0,
沧州,李八里管理站,通信系统,通信交换,MDF告警采集,套,0.0,5500.0,0.0,
沧州,李八里管理站,通信系统,通信交换,话机,部,0.0,95.0,0.0,
沧州,东光管理站,通信系统,通信交换,IAD接入设备,台,0.0,4300.0,0.0,
沧州,东光管理站,通信系统,通信交换,MDF配线模块,套,0.0,860.0,0.0,
沧州,东光管理站,通信系统,通信交换,MDF告警采集,套,0.0,5500.0,0.0,
沧州,东光管理站,通信系统,通信交换,话机,部,0.0,95.0,0.0,
沧州,东光末端管理站,通信系统,通信交换,IAD接入设备,台,0.0,1450.0,0.0,
沧州,东光末端管理站,通信系统,通信交换,MDF配线模块,套,0.0,860.0,0.0,
沧州,东光末端管理站,通信系统,通信交换,MDF告警采集,套,0.0,5500.0,0.0,
沧州,东光末端管理站,通信系统,通信交换,话机,部,0.0,95.0,0.0,
沧州,泊头管理所,通信系统,通信传输,"设备子架（含双路电源、
双路主控、双路交叉、
双路时钟及公务板卡）",套,0.0,98000.0,0.0,
沧州,泊头管理所,通信系统,通信传输,STM-64光接口,端口,0.0,78400.0,0.0,
沧州,泊头管理所,通信系统,通信传输,STM-4 光接口,端口,0.0,14700.0,0.0,
沧州,泊头管理所,通信系统,通信传输,千兆以太网接口,端口,0.0,10700.0,0.0,
沧州,泊头管理所,通信系统,通信传输,色散补偿板,项,0.0,11700.0,0.0,
沧州,泊头管理所,通信系统,通信传输,安装材料,套,0.0,2900.0,0.0,
沧州,泊头管理所,通信系统,通信传输,以太网接口,端口,0.0,7300.0,0.0,
沧州,泊头管理所,通信系统,通信电源,开关电源,台,0.0,24100.0,0.0,
沧州,泊头管理所,通信系统,通信电源,阀控蓄电池,组,0.0,21950.0,0.0,
沧州,泊头管理所,通信系统,通信交换,MDF配线柜,套,0.0,6550.0,0.0,
沧州,泊头管理所,通信系统,通信交换,MDF告警采集,套,0.0,5500.0,0.0,
沧州,泊头管理所,通信系统,通信交换,话机,部,0.0,95.0,0.0,
沧州,泊头管理所,通信系统,通信交换,软交换,套,0.0,79500.0,0.0,
沧州,泊头管理所,通信系统,通信交换,调度台,套,0.0,78000.0,0.0,
沧州,泊头管理所,通信系统,通信交换,综合媒体网关,套,0.0,235600.0,0.0,
沧州,南孟盐管理站,通信系统,通信交换,IAD接入设备,台,0.0,1450.0,0.0,IAD-8端口
沧州,南孟盐管理站,通信系统,通信交换,MDF配线模块,套,0.0,860.0,0.0,综合机柜专用32回线
沧州,南孟盐管理站,通信系统,通信交换,MDF告警采集,套,0.0,5500.0,0.0,
沧州,南孟盐管理站,通信系统,通信交换,话机,部,0.0,95.0,0.0,
沧州,兴济管理站,通信系统,通信传输,设备子架（含双路电源接入及主控、交叉、时钟、公务）,套,0.0,78400.0,0.0,
沧州,兴济管理站,通信系统,通信传输,STM-4 光口,端口,0.0,14700.0,0.0,
沧州,兴济管理站,通信系统,通信传输,以太网接口,端口,0.0,7300.0,0.0,
沧州,兴济管理站,通信系统,通信传输,安装材料,套,0.0,2900.0,0.0,
沧州,兴济管理站,通信系统,通信交换,IAD接入设备,台,0.0,1450.0,0.0,
沧州,兴济管理站,通信系统,通信交换,MDF配线模块,套,0.0,860.0,0.0,
沧州,兴济管理站,通信系统,通信交换,MDF告警采集,套,0.0,5500.0,0.0,
沧州,兴济管理站,通信系统,通信交换,话机,部,0.0,95.0,0.0,
沧州,肃宁管理站,通信系统,通信传输,设备子架（含双路电源接入及主控、交叉、时钟、公务）,套,0.0,78400.0,0.0,
沧州,肃宁管理站,通信系统,通信传输,STM-4 光口,端口,0.0,14700.0,0.0,
沧州,肃宁管理站,通信系统,通信传输,以太网接口,端口,0.0,7300.0,0.0,
沧州,肃宁管理站,通信系统,通信传输,安装材料,套,0.0,2900.0,0.0,
沧州,肃宁管理站,通信系统,通信交换,IAD接入设备,台,0.0,1450.0,0.0,
沧州,肃宁管理站,通信系统,通信交换,MDF配线模块,套,0.0,860.0,0.0,
沧州,肃宁管理站,通信系统,通信交换,MDF告警采集,套,0.0,5500.0,0.0,
沧州,肃宁管理站,通信系统,通信交换,话机,部,0.0,95.0,0.0,
沧州,河间管理站,通信系统,通信传输,设备子架（含双路电源接入及主控、交叉、时钟、公务）,套,0.0,78400.0,0.0,
沧州,河间管理站,通信系统,通信传输,STM-4 光口,端口,0.0,14700.0,0.0,
沧州,河间管理站,通信系统,通信传输,以太网接口,端口,0.0,7300.0,0.0,
沧州,河间管理站,通信系统,通信传输,安装材料,套,0.0,2900.0,0.0,
沧州,河间管理站,通信系统,通信交换,IAD接入设备,台,0.0,1450.0,0.0,
沧州,河间管理站,通信系统,通信交换,MDF配线模块,套,0.0,860.0,0.0,
沧州,河间管理站,通信系统,通信交换,MDF告警采集,套,0.0,5500.0,0.0,
沧州,河间管理站,通信系统,通信交换,话机,部,0.0,95.0,0.0,
沧州,献县管理所,通信系统,通信传输,设备子架（含双路电源接入及主控、交叉、时钟、公务）,套,0.0,78400.0,0.0,
沧州,献县管理所,通信系统,通信传输,STM-4 光口,端口,0.0,14700.0,0.0,
沧州,献县管理所,通信系统,通信传输,以太网接口,端口,0.0,7300.0,0.0,
沧州,献县管理所,通信系统,通信传输,安装材料,套,0.0,2900.0,0.0,
沧州,献县管理所,通信系统,通信交换,IAD接入设备,台,0.0,4300.0,0.0,
沧州,献县管理所,通信系统,通信交换,MDF配线模块,套,0.0,860.0,0.0,
沧州,献县管理所,通信系统,通信交换,MDF告警采集,套,0.0,5500.0,0.0,
沧州,献县管理所,通信系统,通信交换,话机,部,0.0,95.0,0.0,
沧州,小白庄管理站,通信系统,通信交换,IAD接入设备,台,0.0,1450.0,0.0,IAD-8端口
沧州,小白庄管理站,通信系统,通信交换,MDF配线模块,套,0.0,860.0,0.0,综合机柜专用32回线
沧州,小白庄管理站,通信系统,通信交换,MDF告警采集,套,0.0,5500.0,0.0,
沧州,小白庄管理站,通信系统,通信交换,话机,部,0.0,95.0,0.0,
石家庄,全站设备汇总,工程监控,硬件设备,后备电池,套,0.0,112.0,0.0,1265
石家庄,全站设备汇总,工程监控,硬件设备,线缆(视频监视）,套,0.0,265.0,0.0,定制
石家庄,全站设备汇总,视频监视,硬件设备,双鉴探测器,套,0.0,429.0,0.0,海康威视DS-1T21DN-B
石家庄,全站设备汇总,视频监视,硬件设备,报警主机,套,0.0,2829.0,0.0,海康威视DS-19A16-BNG
石家庄,全站设备汇总,视频监视,硬件设备,监视器,台,0.0,3835.0,0.0,海康威视DS-D5032FC
石家庄,全站设备汇总,视频监视,硬件设备,硬盘录像机（16路输入，1T×5硬盘）,套,0.0,6030.0,0.0,海康DS-8616N-E8
石家庄,全站设备汇总,视频监视,硬件设备,立杆（含基础及防雷接地）,套,0.0,5603.0,0.0,国产
石家庄,全站设备汇总,视频监视,硬件设备,线缆（安防监控）,套,0.0,265.0,0.0,定制
石家庄,全站设备汇总,通信系统,通信传输,STM-4 光口,端口,0.0,14700.0,0.0,
石家庄,全站设备汇总,通信系统,通信传输,STM-4 光接口,端口,0.0,14700.0,0.0,
石家庄,全站设备汇总,通信系统,通信传输,STM-64光接口,端口,0.0,78400.0,0.0,
石家庄,全站设备汇总,通信系统,通信传输,STM-64光接口板,块,0.0,78400.0,0.0,
石家庄,全站设备汇总,通信系统,通信传输,以太网接口,套,0.0,7300.0,0.0,
石家庄,全站设备汇总,通信系统,通信传输,千兆以太网接口,端口,0.0,10700.0,0.0,
石家庄,全站设备汇总,通信系统,通信传输,安装材料,套,0.0,2900.0,0.0,
石家庄,全站设备汇总,通信系统,通信传输,色散补偿板,项,0.0,11700.0,0.0,
石家庄,全站设备汇总,通信系统,通信传输,设备子架（含双路电源、双路主控、双路交叉、双路时钟及公务板卡）,套,0.0,98000.0,0.0,
石家庄,全站设备汇总,通信系统,通信传输,设备子架（含双路电源接入及主控、交叉、时钟、公务）,套,0.0,78400.0,0.0,
石家庄,全站设备汇总,通信系统,通信电源,开关电源,台,0.0,24100.0,0.0,
石家庄,全站设备汇总,通信系统,通信电源,阀控蓄电池,组,0.0,21950.0,0.0,
石家庄,全站设备汇总,通信系统,通信交换,IAD接入设备,台,0.0,1450.0,0.0,IAD-8端口
石家庄,全站设备汇总,通信系统,通信交换,IAD接入设备,台,0.0,4300.0,0.0,
石家庄,全站设备汇总,通信系统,通信交换,MDF告警采集,套,0.0,5500.0,0.0,
石家庄,全站设备汇总,通信系统,通信交换,MDF配线柜,套,0.0,6550.0,0.0,
石家庄,全站设备汇总,通信系统,通信交换,MDF配线模块,套,0.0,860.0,0.0,综合机柜专用32回线
石家庄,全站设备汇总,通信系统,通信交换,话机,部,0.0,95.0,0.0,
石家庄,全站设备汇总,通信系统,通信交换,调度台,套,0.0,78000.0,0.0,
石家庄,全站设备汇总,通信系统,通信交换,软交换,套,0.0,79500.0,0.0,
石家庄,新乐管理站,通信系统,通信交换,IAD接入设备,台,0.0,1450.0,0.0,
石家庄,新乐管理站,通信系统,通信交换,MDF配线模块,套,0.0,860.0,0.0,
石家庄,新乐管理站,通信系统,通信交换,MDF告警采集,套,0.0,5500.0,0.0,
石家庄,新乐管理站,通信系统,通信交换,话机,部,0.0,95.0,0.0,
石家庄,新乐末端管理站,通信系统,通信交换,IAD接入设备,台,0.0,1450.0,0.0,
石家庄,新乐末端管理站,通信系统,通信交换,MDF配线模块,套,0.0,860.0,0.0,
石家庄,新乐末端管理站,通信系统,通信交换,MDF告警采集,套,0.0,5500.0,0.0,
石家庄,新乐末端管理站,通信系统,通信交换,话机,部,0.0,95.0,0.0,
石家庄,永安管理站,通信系统,通信交换,IAD接入设备,台,0.0,1450.0,0.0,
石家庄,永安管理站,通信系统,通信交换,MDF配线模块,套,0.0,860.0,0.0,
石家庄,永安管理站,通信系统,通信交换,MDF告警采集,套,0.0,5500.0,0.0,
石家庄,永安管理站,通信系统,通信交换,话机,部,0.0,95.0,0.0,
石家庄,正定管理站,通信系统,通信传输,设备子架（含双路电源、双路主控、双路交叉、双路时钟及公务板卡）,套,0.0,98000.0,0.0,
石家庄,正定管理站,通信系统,通信传输,STM-64光接口,端口,0.0,78400.0,0.0,
石家庄,正定管理站,通信系统,通信传输,STM-4 光接口,端口,0.0,14700.0,0.0,
石家庄,正定管理站,通信系统,通信传输,千兆以太网接口,端口,0.0,10700.0,0.0,
石家庄,正定管理站,通信系统,通信传输,色散补偿板,项,0.0,11700.0,0.0,
石家庄,正定管理站,通信系统,通信传输,安装材料,套,0.0,2900.0,0.0,
石家庄,正定管理站,通信系统,通信传输,以太网接口,套,0.0,7300.0,0.0,
石家庄,正定管理站,通信系统,通信电源,开关电源,台,0.0,24100.0,0.0,
石家庄,正定管理站,通信系统,通信电源,阀控蓄电池,组,0.0,21950.0,0.0,
石家庄,正定管理站,通信系统,通信交换,MDF配线柜,套,0.0,6550.0,0.0,
石家庄,正定管理站,通信系统,通信交换,MDF告警采集,套,0.0,5500.0,0.0,
石家庄,正定管理站,通信系统,通信交换,话机,部,0.0,95.0,0.0,
石家庄,正定管理站,通信系统,通信交换,软交换,套,0.0,79500.0,0.0,
石家庄,正定管理站,通信系统,通信交换,调度台,套,0.0,78000.0,0.0,
石家庄,正定新区管理站,通信系统,通信交换,IAD接入设备,台,0.0,1450.0,0.0,
石家庄,正定新区管理站,通信系统,通信交换,MDF配线模块,套,0.0,860.0,0.0,
石家庄,正定新区管理站,通信系统,通信交换,MDF告警采集,套,0.0,5500.0,0.0,
石家庄,正定新区管理站,通信系统,通信交换,话机,部,0.0,95.0,0.0,
石家庄,北苏管理站,通信系统,通信交换,IAD接入设备,台,0.0,1450.0,0.0,
石家庄,北苏管理站,通信系统,通信交换,MDF配线模块,套,0.0,860.0,0.0,
石家庄,北苏管理站,通信系统,通信交换,MDF告警采集,套,0.0,5500.0,0.0,
石家庄,北苏管理站,通信系统,通信交换,话机,部,0.0,95.0,0.0,
石家庄,无极管理站,通信系统,通信交换,IAD接入设备,台,0.0,4300.0,0.0,
石家庄,无极管理站,通信系统,通信交换,MDF配线模块,套,0.0,860.0,0.0,
石家庄,无极管理站,通信系统,通信交换,MDF告警采集,套,0.0,5500.0,0.0,
石家庄,无极管理站,通信系统,通信交换,话机,部,0.0,95.0,0.0,
石家庄,深泽管理站,通信系统,通信交换,IAD接入设备,台,0.0,1450.0,0.0,
石家庄,深泽管理站,通信系统,通信交换,MDF配线模块,套,0.0,860.0,0.0,
石家庄,深泽管理站,通信系统,通信交换,MDF告警采集,套,0.0,5500.0,0.0,
石家庄,深泽管理站,通信系统,通信交换,话机,部,0.0,95.0,0.0,
石家庄,西北管理站,通信系统,通信传输,设备子架（含双路电源接入及主控、交叉、时钟、公务）,套,0.0,78400.0,0.0,
石家庄,西北管理站,通信系统,通信传输,STM-64光接口板,块,0.0,78400.0,0.0,
石家庄,西北管理站,通信系统,通信传输,色散补偿板,项,0.0,11700.0,0.0,
石家庄,西北管理站,通信系统,通信传输,安装材料,套,0.0,2900.0,0.0,
石家庄,西北管理站,通信系统,通信交换,IAD接入设备,台,0.0,1450.0,0.0,
石家庄,西北管理站,通信系统,通信交换,MDF配线模块,套,0.0,860.0,0.0,
石家庄,西北管理站,通信系统,通信交换,MDF告警采集,套,0.0,5500.0,0.0,
石家庄,西北管理站,通信系统,通信交换,话机,部,0.0,95.0,0.0,
石家庄,东北管理站,通信系统,通信交换,IAD接入设备,台,0.0,1450.0,0.0,
石家庄,东北管理站,通信系统,通信交换,MDF配线模块,套,0.0,860.0,0.0,
石家庄,东北管理站,通信系统,通信交换,MDF告警采集,套,0.0,5500.0,0.0,
石家庄,东北管理站,通信系统,通信交换,话机,部,0.0,95.0,0.0,
石家庄,良村管理站,通信系统,通信交换,IAD接入设备,台,0.0,1450.0,0.0,
石家庄,良村管理站,通信系统,通信交换,MDF配线模块,套,0.0,860.0,0.0,
石家庄,良村管理站,通信系统,通信交换,MDF告警采集,套,0.0,5500.0,0.0,
石家庄,良村管理站,通信系统,通信交换,话机,部,0.0,95.0,0.0,
石家庄,高新管理站,通信系统,通信传输,设备子架（含双路电源接入及主控、交叉、时钟、公务）,套,0.0,78400.0,0.0,
石家庄,高新管理站,通信系统,通信传输,STM-64光接口板,块,0.0,78400.0,0.0,
石家庄,高新管理站,通信系统,通信传输,安装材料,套,0.0,2900.0,0.0,
石家庄,高新管理站,通信系统,通信交换,IAD接入设备,台,0.0,1450.0,0.0,
石家庄,高新管理站,通信系统,通信交换,MDF配线模块,套,0.0,860.0,0.0,
石家庄,高新管理站,通信系统,通信交换,MDF告警采集,套,0.0,5500.0,0.0,
石家庄,高新管理站,通信系统,通信交换,话机,部,0.0,95.0,0.0,
石家庄,于底管理站,通信系统,通信传输,设备子架（含双路电源接入及主控、交叉、时钟、公务）,套,0.0,78400.0,0.0,
石家庄,于底管理站,通信系统,通信传输,STM-4 光口,端口,0.0,14700.0,0.0,
石家庄,于底管理站,通信系统,通信传输,以太网接口,端口,0.0,7300.0,0.0,
石家庄,于底管理站,通信系统,通信传输,安装材料,套,0.0,2900.0,0.0,
石家庄,于底管理站,通信系统,通信交换,IAD接入设备,台,0.0,1450.0,0.0,
石家庄,于底管理站,通信系统,通信交换,MDF配线模块,套,0.0,860.0,0.0,
石家庄,于底管理站,通信系统,通信交换,MDF告警采集,套,0.0,5500.0,0.0,
石家庄,于底管理站,通信系统,通信交换,话机,部,0.0,95.0,0.0,
石家庄,台头管理站,通信系统,通信传输,设备子架（含双路电源接入及主控、交叉、时钟、公务）,套,0.0,78400.0,0.0,
石家庄,台头管理站,通信系统,通信传输,STM-4 光口,端口,0.0,14700.0,0.0,
石家庄,台头管理站,通信系统,通信传输,以太网接口,端口,0.0,7300.0,0.0,
石家庄,台头管理站,通信系统,通信传输,安装材料,套,0.0,2900.0,0.0,
石家庄,台头管理站,通信系统,通信交换,IAD接入设备,台,0.0,1450.0,0.0,
石家庄,台头管理站,通信系统,通信交换,MDF配线模块,套,0.0,860.0,0.0,
石家庄,台头管理站,通信系统,通信交换,MDF告警采集,套,0.0,5500.0,0.0,
石家庄,台头管理站,通信系统,通信交换,话机,部,0.0,95.0,0.0,
石家庄,万年管理站,通信系统,通信传输,设备子架（含双路电源接入及主控、交叉、时钟、公务）,套,0.0,78400.0,0.0,
石家庄,万年管理站,通信系统,通信传输,STM-4 光口,端口,0.0,14700.0,0.0,
石家庄,万年管理站,通信系统,通信传输,以太网接口,端口,0.0,7300.0,0.0,
石家庄,万年管理站,通信系统,通信传输,安装材料,套,0.0,2900.0,0.0,
石家庄,万年管理站,通信系统,通信交换,IAD接入设备,台,0.0,1450.0,0.0,
石家庄,万年管理站,通信系统,通信交换,MDF配线模块,套,0.0,860.0,0.0,
石家庄,万年管理站,通信系统,通信交换,MDF告警采集,套,0.0,5500.0,0.0,
石家庄,万年管理站,通信系统,通信交换,话机,部,0.0,95.0,0.0,
石家庄,装备制造基地管理站,通信系统,通信交换,IAD接入设备,台,0.0,1450.0,0.0,
石家庄,装备制造基地管理站,通信系统,通信交换,MDF配线模块,套,0.0,860.0,0.0,
石家庄,装备制造基地管理站,通信系统,通信交换,MDF告警采集,套,0.0,5500.0,0.0,
石家庄,装备制造基地管理站,通信系统,通信交换,话机,部,0.0,95.0,0.0,
石家庄,栾城管理站,通信系统,通信交换,IAD接入设备,台,0.0,1450.0,0.0,
石家庄,栾城管理站,通信系统,通信交换,MDF配线模块,套,0.0,860.0,0.0,
石家庄,栾城管理站,通信系统,通信交换,MDF告警采集,套,0.0,5500.0,0.0,
石家庄,栾城管理站,通信系统,通信交换,话机,部,0.0,95.0,0.0,
石家庄,栾城二水厂管理站,通信系统,通信交换,IAD接入设备,台,0.0,1450.0,0.0,
石家庄,栾城二水厂管理站,通信系统,通信交换,MDF配线模块,套,0.0,860.0,0.0,
石家庄,栾城二水厂管理站,通信系统,通信交换,MDF告警采集,套,0.0,5500.0,0.0,
石家庄,栾城二水厂管理站,通信系统,通信交换,话机,部,0.0,95.0,0.0,
石家庄,元氏管理站,通信系统,通信传输,设备子架（含双路电源接入及主控、交叉、时钟、公务）,套,0.0,78400.0,0.0,
石家庄,元氏管理站,通信系统,通信传输,STM-4 光口,端口,0.0,14700.0,0.0,
石家庄,元氏管理站,通信系统,通信传输,以太网接口,端口,0.0,7300.0,0.0,
石家庄,元氏管理站,通信系统,通信传输,安装材料,套,0.0,2900.0,0.0,
石家庄,元氏管理站,通信系统,通信交换,IAD接入设备,台,0.0,4300.0,0.0,
石家庄,元氏管理站,通信系统,通信交换,MDF配线模块,套,0.0,860.0,0.0,
石家庄,元氏管理站,通信系统,通信交换,MDF告警采集,套,0.0,5500.0,0.0,
石家庄,元氏管理站,通信系统,通信交换,话机,部,0.0,95.0,0.0,
石家庄,赵同管理站,通信系统,通信交换,IAD接入设备,台,0.0,4300.0,0.0,
石家庄,赵同管理站,通信系统,通信交换,MDF配线模块,套,0.0,860.0,0.0,
石家庄,赵同管理站,通信系统,通信交换,MDF告警采集,套,0.0,5500.0,0.0,
石家庄,赵同管理站,通信系统,通信交换,话机,部,0.0,95.0,0.0,
石家庄,赵县管理站,通信系统,通信交换,IAD接入设备,台,0.0,4300.0,0.0,
石家庄,赵县管理站,通信系统,通信交换,MDF配线模块,套,0.0,860.0,0.0,
石家庄,赵县管理站,通信系统,通信交换,MDF告警采集,套,0.0,5500.0,0.0,
石家庄,赵县管理站,通信系统,通信交换,话机,部,0.0,95.0,0.0,
石家庄,赵县管理站,通信系统,通信交换,IAD接入设备,台,0.0,4300.0,0.0,
石家庄,赵县管理站,通信系统,通信交换,MDF配线模块,套,0.0,860.0,0.0,
石家庄,赵县管理站,通信系统,通信交换,MDF告警采集,套,0.0,5500.0,0.0,
石家庄,赵县管理站,通信系统,通信交换,话机,部,0.0,95.0,0.0,
石家庄,赞皇管理站,通信系统,通信传输,设备子架（含双路电源接入及主控、交叉、时钟、公务）,套,0.0,78400.0,0.0,
石家庄,赞皇管理站,通信系统,通信传输,STM-4 光口,端口,0.0,14700.0,0.0,
石家庄,赞皇管理站,通信系统,通信传输,以太网接口,端口,0.0,7300.0,0.0,
石家庄,赞皇管理站,通信系统,通信传输,安装材料,套,0.0,2900.0,0.0,
石家庄,赞皇管理站,通信系统,通信交换,IAD接入设备,台,0.0,1450.0,0.0,
石家庄,赞皇管理站,通信系统,通信交换,MDF配线模块,套,0.0,860.0,0.0,
石家庄,赞皇管理站,通信系统,通信交换,MDF告警采集,套,0.0,5500.0,0.0,
石家庄,赞皇管理站,通信系统,通信交换,话机,部,0.0,95.0,0.0,
石家庄,高邑渠首管理站,通信系统,通信传输,设备子架（含双路电源接入及主控、交叉、时钟、公务）,套,0.0,78400.0,0.0,
石家庄,高邑渠首管理站,通信系统,通信传输,STM-64光接口板,块,0.0,78400.0,0.0,
石家庄,高邑渠首管理站,通信系统,通信传输,安装材料,套,0.0,2900.0,0.0,
石家庄,高邑渠首管理站,通信系统,通信传输,设备子架（含双路电源接入及主控、交叉、时钟、公务）,套,0.0,78400.0,0.0,
石家庄,高邑渠首管理站,通信系统,通信传输,STM-4 光口,端口,0.0,14700.0,0.0,
石家庄,高邑渠首管理站,通信系统,通信传输,以太网接口,端口,0.0,7300.0,0.0,
石家庄,高邑渠首管理站,通信系统,通信传输,安装材料,套,0.0,2900.0,0.0,
石家庄,高邑渠首管理站,通信系统,通信交换,IAD接入设备,台,0.0,1450.0,0.0,
石家庄,高邑渠首管理站,通信系统,通信交换,MDF配线模块,套,0.0,860.0,0.0,
石家庄,高邑渠首管理站,通信系统,通信交换,MDF告警采集,套,0.0,5500.0,0.0,
石家庄,高邑渠首管理站,通信系统,通信交换,话机,部,0.0,95.0,0.0,
石家庄,高邑末端管理站,通信系统,通信交换,IAD接入设备,台,0.0,1450.0,0.0,
石家庄,高邑末端管理站,通信系统,通信交换,MDF配线模块,套,0.0,860.0,0.0,
石家庄,高邑末端管理站,通信系统,通信交换,MDF告警采集,套,0.0,5500.0,0.0,
石家庄,高邑末端管理站,通信系统,通信交换,话机,部,0.0,95.0,0.0,
石家庄,64晋州管理站,通信系统,通信交换,IAD接入设备,台,0.0,1450.0,0.0,
石家庄,64晋州管理站,通信系统,通信交换,MDF配线模块,套,0.0,860.0,0.0,
石家庄,64晋州管理站,通信系统,通信交换,MDF告警采集,套,0.0,5500.0,0.0,
石家庄,64晋州管理站,通信系统,通信交换,话机,部,0.0,95.0,0.0,
石家庄,65藁城管理站,通信系统,通信交换,IAD接入设备,台,0.0,1450.0,0.0,
石家庄,65藁城管理站,通信系统,通信交换,MDF配线模块,套,0.0,860.0,0.0,
石家庄,65藁城管理站,通信系统,通信交换,MDF告警采集,套,0.0,5500.0,0.0,
石家庄,65藁城管理站,通信系统,通信交换,话机,部,0.0,95.0,0.0,
石家庄,66辛集管理站,通信系统,通信交换,IAD接入设备,台,0.0,1450.0,0.0,
石家庄,66辛集管理站,通信系统,通信交换,MDF配线模块,套,0.0,860.0,0.0,
石家庄,66辛集管理站,通信系统,通信交换,MDF告警采集,套,0.0,5500.0,0.0,
石家庄,66辛集管理站,通信系统,通信交换,话机,部,0.0,95.0,0.0,
石家庄,田庄渠首管理站,通信系统,通信传输,设备子架（含双路电源接入及主控、交叉、时钟、公务）,套,0.0,78400.0,0.0,
石家庄,田庄渠首管理站,通信系统,通信传输,STM-4 光口,端口,0.0,14700.0,0.0,
石家庄,田庄渠首管理站,通信系统,通信传输,以太网接口,端口,0.0,7300.0,0.0,
石家庄,田庄渠首管理站,通信系统,通信传输,安装材料,套,0.0,2900.0,0.0,
石家庄,田庄渠首管理站,通信系统,通信交换,IAD接入设备,台,0.0,4300.0,0.0,
石家庄,田庄渠首管理站,通信系统,通信交换,MDF配线模块,套,0.0,860.0,0.0,
石家庄,田庄渠首管理站,通信系统,通信交换,MDF告警采集,套,0.0,5500.0,0.0,
石家庄,田庄渠首管理站,通信系统,通信交换,话机,部,0.0,95.0,0.0,
石家庄,赵陵铺管理站,通信系统,通信传输,设备子架（含双路电源接入及主控、交叉、时钟、公务）,套,0.0,78400.0,0.0,
石家庄,赵陵铺管理站,通信系统,通信传输,STM-4 光口,端口,0.0,14700.0,0.0,
石家庄,赵陵铺管理站,通信系统,通信传输,以太网接口,端口,0.0,7300.0,0.0,
石家庄,赵陵铺管理站,通信系统,通信传输,安装材料,套,0.0,2900.0,0.0,
石家庄,赵陵铺管理站,通信系统,通信交换,IAD接入设备,台,0.0,1450.0,0.0,
石家庄,赵陵铺管理站,通信系统,通信交换,MDF配线模块,套,0.0,860.0,0.0,
石家庄,赵陵铺管理站,通信系统,通信交换,MDF告警采集,套,0.0,5500.0,0.0,
石家庄,赵陵铺管理站,通信系统,通信交换,话机,部,0.0,95.0,0.0,
衡水,全站设备汇总,通信系统,通信传输,STM-4 光口,端口,0.0,14700.0,0.0,
衡水,全站设备汇总,通信系统,通信传输,STM-4 光接口,端口,0.0,14700.0,0.0,
衡水,全站设备汇总,通信系统,通信传输,STM-64光接口,端口,0.0,78400.0,0.0,
衡水,全站设备汇总,通信系统,通信传输,STM-64光接口板,块,0.0,78400.0,0.0,
衡水,全站设备汇总,通信系统,通信传输,以太网接口,端口,0.0,7300.0,0.0,
衡水,全站设备汇总,通信系统,通信传输,千兆以太网接口,端口,0.0,10700.0,0.0,
衡水,全站设备汇总,通信系统,通信传输,安装材料,套,0.0,2900.0,0.0,
衡水,全站设备汇总,通信系统,通信传输,色散补偿板,项,0.0,11700.0,0.0,
衡水,全站设备汇总,通信系统,通信传输,设备子架（含双路电源接入及主控、交叉、时钟、公务）,套,0.0,78400.0,0.0,
衡水,全站设备汇总,通信系统,通信传输,"设备子架（含双路电源、
双路主控、双路交叉、
双路时钟及公务板卡）",套,0.0,98000.0,0.0,
衡水,全站设备汇总,通信系统,通信电源,开关电源,台,0.0,24100.0,0.0,
衡水,全站设备汇总,通信系统,通信电源,阀控蓄电池,组,0.0,21950.0,0.0,
衡水,全站设备汇总,通信系统,通信交换,IAD接入设备,台,0.0,1450.0,0.0,
衡水,全站设备汇总,通信系统,通信交换,IAD接入设备,台,0.0,4300.0,0.0,
衡水,全站设备汇总,通信系统,通信交换,MDF告警采集,套,0.0,5500.0,0.0,
衡水,全站设备汇总,通信系统,通信交换,MDF配线柜,套,0.0,6550.0,0.0,
衡水,全站设备汇总,通信系统,通信交换,MDF配线模块,套,0.0,860.0,0.0,
衡水,全站设备汇总,通信系统,通信交换,综合媒体网关,套,0.0,235600.0,0.0,
衡水,全站设备汇总,通信系统,通信交换,话机,部,0.0,95.0,0.0,
衡水,全站设备汇总,通信系统,通信交换,调度台,套,0.0,78000.0,0.0,
衡水,全站设备汇总,通信系统,通信交换,软交换,套,0.0,79500.0,0.0,
衡水,全站设备汇总,通信系统,光缆监测,MDF告警监测终端,台,0.0,9800.0,0.0,
衡水,和乐寺管理站,通信系统,通信交换,IAD接入设备,台,0.0,1450.0,0.0,
衡水,和乐寺管理站,通信系统,通信交换,MDF配线模块,套,0.0,860.0,0.0,
衡水,和乐寺管理站,通信系统,通信交换,MDF告警采集,套,0.0,5500.0,0.0,
衡水,和乐寺管理站,通信系统,通信交换,话机,部,0.0,95.0,0.0,
衡水,安平管理站,通信系统,通信交换,IAD接入设备,台,0.0,1450.0,0.0,
衡水,安平管理站,通信系统,通信交换,MDF配线模块,套,0.0,860.0,0.0,
衡水,安平管理站,通信系统,通信交换,MDF告警采集,套,0.0,5500.0,0.0,
衡水,安平管理站,通信系统,通信交换,话机,部,0.0,95.0,0.0,
衡水,深州管理站,通信系统,通信传输,设备子架（含双路电源接入及主控、交叉、时钟、公务）,套,0.0,78400.0,0.0,
衡水,深州管理站,通信系统,通信传输,STM-64光接口板,块,0.0,78400.0,0.0,
衡水,深州管理站,通信系统,通信传输,安装材料,套,0.0,2900.0,0.0,
衡水,深州管理站,通信系统,通信交换,IAD接入设备,台,0.0,4300.0,0.0,
衡水,深州管理站,通信系统,通信交换,MDF配线模块,套,0.0,860.0,0.0,
衡水,深州管理站,通信系统,通信交换,MDF告警采集,套,0.0,5500.0,0.0,
衡水,深州管理站,通信系统,通信交换,话机,部,0.0,95.0,0.0,
衡水,武强管理站,通信系统,通信传输,设备子架（含双路电源接入及主控、交叉、时钟、公务）,套,0.0,78400.0,0.0,
衡水,武强管理站,通信系统,通信传输,STM-64光接口板,块,0.0,78400.0,0.0,
衡水,武强管理站,通信系统,通信传输,安装材料,套,0.0,2900.0,0.0,
衡水,武强管理站,通信系统,通信交换,IAD接入设备,台,0.0,4300.0,0.0,
衡水,武强管理站,通信系统,通信交换,MDF配线模块,套,0.0,860.0,0.0,
衡水,武强管理站,通信系统,通信交换,MDF告警采集,套,0.0,5500.0,0.0,
衡水,武强管理站,通信系统,通信交换,话机,部,0.0,95.0,0.0,
衡水,阜景管理站,通信系统,通信交换,IAD接入设备,台,0.0,1450.0,0.0,
衡水,阜景管理站,通信系统,通信交换,MDF配线模块,套,0.0,860.0,0.0,
衡水,阜景管理站,通信系统,通信交换,MDF告警采集,套,0.0,5500.0,0.0,
衡水,阜景管理站,通信系统,通信交换,话机,部,0.0,95.0,0.0,
衡水,阜城管理站,通信系统,通信交换,IAD接入设备,台,0.0,1450.0,0.0,
衡水,阜城管理站,通信系统,通信交换,MDF配线模块,套,0.0,860.0,0.0,
衡水,阜城管理站,通信系统,通信交换,MDF告警采集,套,0.0,5500.0,0.0,
衡水,阜城管理站,通信系统,通信交换,话机,部,0.0,95.0,0.0,
衡水,傅家庄管理所,通信系统,通信传输,"设备子架（含双路电源、
双路主控、双路交叉、
双路时钟及公务板卡）",套,0.0,98000.0,0.0,
衡水,傅家庄管理所,通信系统,通信传输,STM-64光接口,端口,0.0,78400.0,0.0,
衡水,傅家庄管理所,通信系统,通信传输,STM-4 光接口,端口,0.0,14700.0,0.0,
衡水,傅家庄管理所,通信系统,通信传输,千兆以太网接口,端口,0.0,10700.0,0.0,
衡水,傅家庄管理所,通信系统,通信传输,色散补偿板,项,0.0,11700.0,0.0,
衡水,傅家庄管理所,通信系统,通信传输,安装材料,套,0.0,2900.0,0.0,
衡水,傅家庄管理所,通信系统,通信传输,以太网接口,端口,0.0,7300.0,0.0,
衡水,傅家庄管理所,通信系统,通信电源,开关电源,台,0.0,24100.0,0.0,
衡水,傅家庄管理所,通信系统,通信电源,阀控蓄电池,组,0.0,21950.0,0.0,
衡水,傅家庄管理所,通信系统,通信交换,MDF配线柜,套,0.0,6550.0,0.0,
衡水,傅家庄管理所,通信系统,通信交换,MDF告警采集,套,0.0,5500.0,0.0,
衡水,傅家庄管理所,通信系统,通信交换,话机,部,0.0,95.0,0.0,
衡水,傅家庄管理所,通信系统,通信交换,软交换,套,0.0,79500.0,0.0,
衡水,傅家庄管理所,通信系统,通信交换,调度台,套,0.0,78000.0,0.0,
衡水,傅家庄管理所,通信系统,通信交换,综合媒体网关,套,0.0,235600.0,0.0,
衡水,傅家庄管理所,通信系统,光缆监测,MDF告警监测终端,台,0.0,9800.0,0.0,
衡水,工业新区管理站（高新区管理站）,通信系统,通信传输,设备子架（含双路电源接入及主控、交叉、时钟、公务）,套,0.0,78400.0,0.0,
衡水,工业新区管理站（高新区管理站）,通信系统,通信传输,STM-4 光口,端口,0.0,14700.0,0.0,
衡水,工业新区管理站（高新区管理站）,通信系统,通信传输,以太网接口,端口,0.0,7300.0,0.0,
衡水,工业新区管理站（高新区管理站）,通信系统,通信传输,安装材料,套,0.0,2900.0,0.0,
衡水,工业新区管理站（高新区管理站）,通信系统,通信交换,IAD接入设备,台,0.0,1450.0,0.0,
衡水,工业新区管理站（高新区管理站）,通信系统,通信交换,MDF配线模块,套,0.0,860.0,0.0,
衡水,工业新区管理站（高新区管理站）,通信系统,通信交换,MDF告警采集,套,0.0,5500.0,0.0,
衡水,工业新区管理站（高新区管理站）,通信系统,通信交换,话机,部,0.0,95.0,0.0,
衡水,武邑管理站,通信系统,通信交换,IAD接入设备,台,0.0,1450.0,0.0,
衡水,武邑管理站,通信系统,通信交换,MDF配线模块,套,0.0,860.0,0.0,
衡水,武邑管理站,通信系统,通信交换,MDF告警采集,套,0.0,5500.0,0.0,
衡水,武邑管理站,通信系统,通信交换,话机,部,0.0,95.0,0.0,
衡水,故城管理站,通信系统,通信交换,IAD接入设备,台,0.0,1450.0,0.0,
衡水,故城管理站,通信系统,通信交换,MDF配线模块,套,0.0,860.0,0.0,
衡水,故城管理站,通信系统,通信交换,MDF告警采集,套,0.0,5500.0,0.0,
衡水,故城管理站,通信系统,通信交换,话机,部,0.0,95.0,0.0,
衡水,冀州管理站,通信系统,通信传输,设备子架（含双路电源接入及主控、交叉、时钟、公务）,套,0.0,78400.0,0.0,
衡水,冀州管理站,通信系统,通信传输,STM-4 光口,端口,0.0,14700.0,0.0,
衡水,冀州管理站,通信系统,通信传输,以太网接口,端口,0.0,7300.0,0.0,
衡水,冀州管理站,通信系统,通信传输,安装材料,套,0.0,2900.0,0.0,
衡水,冀州管理站,通信系统,通信交换,IAD接入设备,台,0.0,1450.0,0.0,
衡水,冀州管理站,通信系统,通信交换,MDF配线模块,套,0.0,860.0,0.0,
衡水,冀州管理站,通信系统,通信交换,MDF告警采集,套,0.0,5500.0,0.0,
衡水,冀州管理站,通信系统,通信交换,话机,部,0.0,95.0,0.0,
衡水,枣强管理站,通信系统,通信传输,设备子架（含双路电源接入及主控、交叉、时钟、公务）,套,0.0,78400.0,0.0,
衡水,枣强管理站,通信系统,通信传输,STM-4 光口,端口,0.0,14700.0,0.0,
衡水,枣强管理站,通信系统,通信传输,以太网接口,端口,0.0,7300.0,0.0,
衡水,枣强管理站,通信系统,通信传输,安装材料,套,0.0,2900.0,0.0,
衡水,枣强管理站,通信系统,通信交换,IAD接入设备,台,0.0,1450.0,0.0,
衡水,枣强管理站,通信系统,通信交换,MDF配线模块,套,0.0,860.0,0.0,
衡水,枣强管理站,通信系统,通信交换,MDF告警采集,套,0.0,5500.0,0.0,
衡水,枣强管理站,通信系统,通信交换,话机,部,0.0,95.0,0.0,
衡水,滨湖新区管理站,通信系统,通信交换,IAD接入设备,台,0.0,1450.0,0.0,
衡水,滨湖新区管理站,通信系统,通信交换,MDF配线模块,套,0.0,860.0,0.0,
衡水,滨湖新区管理站,通信系统,通信交换,MDF告警采集,套,0.0,5500.0,0.0,
衡水,滨湖新区管理站,通信系统,通信交换,话机,部,0.0,95.0,0.0,
邢台,全站设备汇总,通信系统,通信传输,STM-16光口,端口,0.0,19600.0,0.0,
邢台,全站设备汇总,通信系统,通信传输,STM-4 光口,端口,0.0,14700.0,0.0,端口
邢台,全站设备汇总,通信系统,通信传输,STM-4 光接口,端口,0.0,14700.0,0.0,
邢台,全站设备汇总,通信系统,通信传输,STM-64光接口,端口,0.0,78400.0,0.0,
邢台,全站设备汇总,通信系统,通信传输,以太网接口,端口,0.0,7300.0,0.0,端口
邢台,全站设备汇总,通信系统,通信传输,千兆以太网接口,端口,0.0,10700.0,0.0,
邢台,全站设备汇总,通信系统,通信传输,安装材料,套,0.0,2900.0,0.0,套
邢台,全站设备汇总,通信系统,通信传输,色散补偿板,项,0.0,11700.0,0.0,
邢台,全站设备汇总,通信系统,通信传输,设备子架（含双路电源接入及主控、交叉、时钟、公务）,套,0.0,78400.0,0.0,套
邢台,全站设备汇总,通信系统,通信传输,"设备子架（含双路电源、
双路主控、双路交叉、
双路时钟及公务板卡）",套,0.0,98000.0,0.0,
邢台,全站设备汇总,通信系统,通信电源,UPS蓄电池,块,0.0,250.0,0.0,佛山金武士1265
邢台,全站设备汇总,通信系统,通信电源,开关电源,台,0.0,24100.0,0.0,
邢台,全站设备汇总,通信系统,通信电源,阀控蓄电池,组,0.0,21950.0,0.0,
邢台,全站设备汇总,通信系统,通信交换,IAD接入设备,台,0.0,1450.0,0.0,IAD-8端口
邢台,全站设备汇总,通信系统,通信交换,IAD接入设备,台,0.0,4300.0,0.0,IAD-16端口
邢台,全站设备汇总,通信系统,通信交换,MDF告警采集,套,0.0,5500.0,0.0,
邢台,全站设备汇总,通信系统,通信交换,MDF配线柜,套,0.0,6550.0,0.0,
邢台,全站设备汇总,通信系统,通信交换,MDF配线模块,套,0.0,860.0,0.0,综合机柜专用32回线
邢台,全站设备汇总,通信系统,通信交换,综合媒体网关,套,0.0,235600.0,0.0,
邢台,全站设备汇总,通信系统,通信交换,话机,部,0.0,95.0,0.0,
邢台,全站设备汇总,通信系统,通信交换,调度台,套,0.0,78000.0,0.0,
邢台,全站设备汇总,通信系统,通信交换,软交换,套,0.0,79500.0,0.0,
邢台,全站设备汇总,通信系统,光缆监测,MDF告警监测终端,台,0.0,9800.0,0.0,
邢台,黑沙村隧洞进口管理站,通信系统,通信传输,"设备子架（含双路电源、
双路主控、双路交叉、
双路时钟及公务板卡）",套,0.0,98000.0,0.0,
邢台,黑沙村隧洞进口管理站,通信系统,通信传输,STM-64光接口,端口,0.0,78400.0,0.0,
邢台,黑沙村隧洞进口管理站,通信系统,通信传输,STM-4 光接口,端口,0.0,14700.0,0.0,
邢台,黑沙村隧洞进口管理站,通信系统,通信传输,千兆以太网接口,端口,0.0,10700.0,0.0,
邢台,黑沙村隧洞进口管理站,通信系统,通信传输,色散补偿板,项,0.0,11700.0,0.0,
邢台,黑沙村隧洞进口管理站,通信系统,通信传输,安装材料,套,0.0,2900.0,0.0,
邢台,黑沙村隧洞进口管理站,通信系统,通信电源,开关电源,台,0.0,24100.0,0.0,
邢台,黑沙村隧洞进口管理站,通信系统,通信电源,阀控蓄电池,组,0.0,21950.0,0.0,
邢台,黑沙村隧洞进口管理站,通信系统,通信交换,MDF配线柜,套,0.0,6550.0,0.0,
邢台,黑沙村隧洞进口管理站,通信系统,通信交换,MDF告警采集,套,0.0,5500.0,0.0,
邢台,黑沙村隧洞进口管理站,通信系统,通信交换,话机,部,0.0,95.0,0.0,
邢台,黑沙村隧洞进口管理站,通信系统,通信交换,软交换,套,0.0,79500.0,0.0,
邢台,黑沙村隧洞进口管理站,通信系统,通信交换,调度台,套,0.0,78000.0,0.0,
邢台,黑沙村隧洞进口管理站,通信系统,通信交换,综合媒体网关,套,0.0,235600.0,0.0,
邢台,黑沙村隧洞出口管理站,通信系统,通信传输,设备子架（含双路电源接入及主控、交叉、时钟、公务）,套,0.0,78400.0,0.0,
邢台,黑沙村隧洞出口管理站,通信系统,通信传输,STM-4 光口,端口,0.0,14700.0,0.0,
邢台,黑沙村隧洞出口管理站,通信系统,通信传输,以太网接口,端口,0.0,7300.0,0.0,
邢台,黑沙村隧洞出口管理站,通信系统,通信传输,安装材料,套,0.0,2900.0,0.0,
邢台,黑沙村隧洞出口管理站,通信系统,通信交换,IAD接入设备,台,0.0,1450.0,0.0,
邢台,黑沙村隧洞出口管理站,通信系统,通信交换,MDF配线模块,套,0.0,860.0,0.0,
邢台,黑沙村隧洞出口管理站,通信系统,通信交换,MDF告警采集,套,0.0,5500.0,0.0,
邢台,黑沙村隧洞出口管理站,通信系统,通信交换,话机,部,0.0,95.0,0.0,
邢台,华龙分水口现地阀站,通信系统,通信交换,IAD接入设备,台,0.0,1450.0,0.0,
邢台,华龙分水口现地阀站,通信系统,通信交换,MDF配线模块,套,0.0,860.0,0.0,
邢台,华龙分水口现地阀站,通信系统,通信交换,MDF告警采集,套,0.0,5500.0,0.0,
邢台,华龙分水口现地阀站,通信系统,通信交换,话机,部,0.0,95.0,0.0,
邢台,华龙工业区调流阀站,通信系统,通信交换,IAD接入设备,台,0.0,1450.0,0.0,
邢台,华龙工业区调流阀站,通信系统,通信交换,MDF配线模块,套,0.0,860.0,0.0,
邢台,华龙工业区调流阀站,通信系统,通信交换,MDF告警采集,套,0.0,5500.0,0.0,
邢台,华龙工业区调流阀站,通信系统,通信交换,话机,部,0.0,95.0,0.0,
邢台,宁晋管理站,通信系统,通信交换,IAD接入设备,台,0.0,1450.0,0.0,
邢台,宁晋管理站,通信系统,通信交换,MDF配线模块,套,0.0,860.0,0.0,
邢台,宁晋管理站,通信系统,通信交换,MDF告警采集,套,0.0,5500.0,0.0,
邢台,宁晋管理站,通信系统,通信交换,话机,部,0.0,95.0,0.0,
邢台,柏乡管理站,通信系统,通信传输,设备子架（含双路电源接入及主控、交叉、时钟、公务）,套,0.0,78400.0,0.0,
邢台,柏乡管理站,通信系统,通信传输,STM-4 光口,端口,0.0,14700.0,0.0,
邢台,柏乡管理站,通信系统,通信传输,以太网接口,端口,0.0,7300.0,0.0,
邢台,柏乡管理站,通信系统,通信传输,安装材料,套,0.0,2900.0,0.0,
邢台,柏乡管理站,通信系统,通信交换,IAD接入设备,台,0.0,1450.0,0.0,
邢台,柏乡管理站,通信系统,通信交换,MDF配线模块,套,0.0,860.0,0.0,
邢台,柏乡管理站,通信系统,通信交换,MDF告警采集,套,0.0,5500.0,0.0,
邢台,柏乡管理站,通信系统,通信交换,话机,部,0.0,95.0,0.0,
邢台,大曹庄管理站,通信系统,通信传输,设备子架（含双路电源接入及主控、交叉、时钟、公务）,套,0.0,78400.0,0.0,
邢台,大曹庄管理站,通信系统,通信传输,STM-4 光口,端口,0.0,14700.0,0.0,
邢台,大曹庄管理站,通信系统,通信传输,以太网接口,端口,0.0,7300.0,0.0,
邢台,大曹庄管理站,通信系统,通信传输,安装材料,套,0.0,2900.0,0.0,
邢台,大曹庄管理站,通信系统,通信交换,IAD接入设备,台,0.0,1450.0,0.0,
邢台,大曹庄管理站,通信系统,通信交换,MDF配线模块,套,0.0,860.0,0.0,
邢台,大曹庄管理站,通信系统,通信交换,MDF告警采集,套,0.0,5500.0,0.0,
邢台,大曹庄管理站,通信系统,通信交换,话机,部,0.0,95.0,0.0,
邢台,北盘石泵站,通信系统,通信传输,设备子架（含双路电源接入及主控、交叉、时钟、公务）,套,0.0,78400.0,0.0,
邢台,北盘石泵站,通信系统,通信传输,STM-4 光口,端口,0.0,14700.0,0.0,
邢台,北盘石泵站,通信系统,通信传输,以太网接口,端口,0.0,7300.0,0.0,
邢台,北盘石泵站,通信系统,通信传输,安装材料,套,0.0,2900.0,0.0,
邢台,北盘石泵站,通信系统,通信交换,IAD接入设备,台,0.0,1450.0,0.0,
邢台,北盘石泵站,通信系统,通信交换,MDF配线模块,套,0.0,860.0,0.0,
邢台,北盘石泵站,通信系统,通信交换,MDF告警采集,套,0.0,5500.0,0.0,
邢台,北盘石泵站,通信系统,通信交换,话机,部,0.0,95.0,0.0,
邢台,内丘管理站,通信系统,通信传输,设备子架（含双路电源接入及主控、交叉、时钟、公务）,套,0.0,78400.0,0.0,套
邢台,内丘管理站,通信系统,通信传输,STM-4 光口,端口,0.0,14700.0,0.0,端口
邢台,内丘管理站,通信系统,通信传输,以太网接口,端口,0.0,7300.0,0.0,端口
邢台,内丘管理站,通信系统,通信传输,安装材料,套,0.0,2900.0,0.0,套
邢台,内丘管理站,通信系统,通信交换,IAD接入设备,台,0.0,1450.0,0.0,IAD-8端口
邢台,内丘管理站,通信系统,通信交换,MDF配线模块,套,0.0,860.0,0.0,综合机柜专用32回线
邢台,内丘管理站,通信系统,通信交换,MDF告警采集,套,0.0,5500.0,0.0,
邢台,内丘管理站,通信系统,通信交换,话机,部,0.0,95.0,0.0,
邢台,南大郭管理站,通信系统,通信传输,设备子架（含双路电源接入及主控、交叉、时钟、公务）,套,0.0,78400.0,0.0,
邢台,南大郭管理站,通信系统,通信传输,STM-4 光口,端口,0.0,14700.0,0.0,
邢台,南大郭管理站,通信系统,通信传输,以太网接口,端口,0.0,7300.0,0.0,
邢台,南大郭管理站,通信系统,通信传输,安装材料,套,0.0,2900.0,0.0,
邢台,南大郭管理站,通信系统,通信交换,IAD接入设备,台,0.0,4300.0,0.0,
邢台,南大郭管理站,通信系统,通信交换,MDF配线模块,套,0.0,860.0,0.0,
邢台,南大郭管理站,通信系统,通信交换,MDF告警采集,套,0.0,5500.0,0.0,
邢台,南大郭管理站,通信系统,通信交换,话机,部,0.0,95.0,0.0,
邢台,邢清渠首管理站,通信系统,通信传输,设备子架（含双路电源接入及主控、交叉、时钟、公务）,套,0.0,78400.0,0.0,
邢台,邢清渠首管理站,通信系统,通信传输,以太网接口,端口,0.0,7300.0,0.0,
邢台,邢清渠首管理站,通信系统,通信传输,安装材料,套,0.0,2900.0,0.0,
邢台,邢清渠首管理站,通信系统,通信传输,STM-16光口,端口,0.0,19600.0,0.0,
邢台,邢清渠首管理站,通信系统,通信交换,IAD接入设备,台,0.0,1450.0,0.0,
邢台,邢清渠首管理站,通信系统,通信交换,MDF配线模块,套,0.0,860.0,0.0,
邢台,邢清渠首管理站,通信系统,通信交换,MDF告警采集,套,0.0,5500.0,0.0,
邢台,邢清渠首管理站,通信系统,通信交换,话机,部,0.0,95.0,0.0,
邢台,威县调压塔管理站,通信系统,通信传输,设备子架（含双路电源接入及主控、交叉、时钟、公务）,套,0.0,78400.0,0.0,
邢台,威县调压塔管理站,通信系统,通信传输,STM-4 光口,端口,0.0,14700.0,0.0,
邢台,威县调压塔管理站,通信系统,通信传输,以太网接口,端口,0.0,7300.0,0.0,
邢台,威县调压塔管理站,通信系统,通信传输,安装材料,套,0.0,2900.0,0.0,
邢台,威县调压塔管理站,通信系统,通信传输,STM-4 光口,端口,0.0,14700.0,0.0,
邢台,威县调压塔管理站,通信系统,通信交换,IAD接入设备,台,0.0,4300.0,0.0,
邢台,威县调压塔管理站,通信系统,通信交换,MDF配线模块,套,0.0,860.0,0.0,
邢台,威县调压塔管理站,通信系统,通信交换,MDF告警采集,套,0.0,5500.0,0.0,
邢台,威县调压塔管理站,通信系统,通信交换,话机,部,0.0,95.0,0.0,
邢台,威县调压塔管理站,通信系统,光缆监测,MDF告警监测终端,台,0.0,9800.0,0.0,
邢台,南宫管理站,通信系统,通信电源,UPS蓄电池,块,0.0,250.0,0.0,1265
邢台,沙河管理所,通信系统,通信传输,设备子架（含双路电源接入及主控、交叉、时钟、公务）,套,0.0,78400.0,0.0,
邢台,沙河管理所,通信系统,通信传输,以太网接口,端口,0.0,7300.0,0.0,
邢台,沙河管理所,通信系统,通信传输,安装材料,套,0.0,2900.0,0.0,
邢台,沙河管理所,通信系统,通信传输,STM-16光口,端口,0.0,19600.0,0.0,
邢台,沙河管理所,通信系统,通信交换,IAD接入设备,台,0.0,4300.0,0.0,
邢台,沙河管理所,通信系统,通信交换,MDF配线模块,套,0.0,860.0,0.0,
邢台,沙河管理所,通信系统,通信交换,MDF告警采集,套,0.0,5500.0,0.0,
邢台,沙河管理所,通信系统,通信交换,话机,部,0.0,95.0,0.0,
邢台,沙河管理所,通信系统,光缆监测,MDF告警监测终端,台,0.0,9800.0,0.0,
邢台,沙河市区管理站,通信系统,通信电源,UPS蓄电池,块,0.0,250.0,0.0,1265
邢台,任县管理站,通信系统,通信交换,IAD接入设备,台,0.0,1450.0,0.0,
邢台,任县管理站,通信系统,通信交换,MDF配线模块,套,0.0,860.0,0.0,
邢台,任县管理站,通信系统,通信交换,MDF告警采集,套,0.0,5500.0,0.0,
邢台,任县管理站,通信系统,通信交换,话机,部,0.0,95.0,0.0,
邢台,南和管理站,通信系统,通信传输,设备子架（含双路电源接入及主控、交叉、时钟、公务）,套,0.0,78400.0,0.0,
邢台,南和管理站,通信系统,通信传输,以太网接口,端口,0.0,7300.0,0.0,
邢台,南和管理站,通信系统,通信传输,安装材料,套,0.0,2900.0,0.0,
邢台,南和管理站,通信系统,通信传输,STM-16光口,端口,0.0,19600.0,0.0,
邢台,南和管理站,通信系统,通信交换,IAD接入设备,台,0.0,1450.0,0.0,
邢台,南和管理站,通信系统,通信交换,MDF配线模块,套,0.0,860.0,0.0,
邢台,南和管理站,通信系统,通信交换,MDF告警采集,套,0.0,5500.0,0.0,
邢台,南和管理站,通信系统,通信交换,话机,部,0.0,95.0,0.0,
邢台,平乡管理站,通信系统,通信传输,设备子架（含双路电源接入及主控、交叉、时钟、公务）,套,0.0,78400.0,0.0,
邢台,平乡管理站,通信系统,通信传输,STM-4 光口,端口,0.0,14700.0,0.0,
邢台,平乡管理站,通信系统,通信传输,以太网接口,端口,0.0,7300.0,0.0,
邢台,平乡管理站,通信系统,通信传输,安装材料,套,0.0,2900.0,0.0,
邢台,平乡管理站,通信系统,通信传输,STM-16光口,端口,0.0,19600.0,0.0,
邢台,平乡管理站,通信系统,通信交换,IAD接入设备,台,0.0,1450.0,0.0,
邢台,平乡管理站,通信系统,通信交换,MDF配线模块,套,0.0,860.0,0.0,
邢台,平乡管理站,通信系统,通信交换,MDF告警采集,套,0.0,5500.0,0.0,
邢台,平乡管理站,通信系统,通信交换,话机,部,0.0,95.0,0.0,
邢台,巨鹿管理站,通信系统,通信交换,IAD接入设备,台,0.0,1450.0,0.0,
邢台,巨鹿管理站,通信系统,通信交换,MDF配线模块,套,0.0,860.0,0.0,
邢台,巨鹿管理站,通信系统,通信交换,MDF告警采集,套,0.0,5500.0,0.0,
邢台,巨鹿管理站,通信系统,通信交换,话机,部,0.0,95.0,0.0,
邢台,广宗线管理站,通信系统,通信传输,设备子架（含双路电源接入及主控、交叉、时钟、公务）,套,0.0,78400.0,0.0,
邢台,广宗线管理站,通信系统,通信传输,STM-4 光口,端口,0.0,14700.0,0.0,
邢台,广宗线管理站,通信系统,通信传输,以太网接口,端口,0.0,7300.0,0.0,
邢台,广宗线管理站,通信系统,通信传输,安装材料,套,0.0,2900.0,0.0,
邢台,广宗线管理站,通信系统,通信交换,IAD接入设备,台,0.0,1450.0,0.0,
邢台,广宗线管理站,通信系统,通信交换,MDF配线模块,套,0.0,860.0,0.0,
邢台,广宗线管理站,通信系统,通信交换,MDF告警采集,套,0.0,5500.0,0.0,
邢台,广宗线管理站,通信系统,通信交换,话机,部,0.0,95.0,0.0,
邢台,新河管理站,通信系统,通信交换,IAD接入设备,台,0.0,4300.0,0.0,IAD-16端口
邢台,新河管理站,通信系统,通信交换,MDF配线模块,套,0.0,860.0,0.0,综合机柜专用32回线
邢台,新河管理站,通信系统,通信交换,MDF告警采集,套,0.0,5500.0,0.0,
邢台,新河管理站,通信系统,通信交换,话机,部,0.0,95.0,0.0,
邢台,金百家管理站,通信系统,通信电源,UPS蓄电池,块,0.0,250.0,0.0,佛山金武士1265
邢台,威县管理站,通信系统,通信电源,UPS蓄电池,块,0.0,250.0,0.0,1265
邢台,临西管理站,通信系统,通信电源,UPS蓄电池,块,0.0,250.0,0.0,1265
邯郸,全站设备汇总,通信系统,通信传输,STM-16光口,端口,0.0,19600.0,0.0,
邯郸,全站设备汇总,通信系统,通信传输,STM-4 光口,端口,0.0,14700.0,0.0,
邯郸,全站设备汇总,通信系统,通信传输,以太网接口,端口,0.0,7300.0,0.0,
邯郸,全站设备汇总,通信系统,通信传输,安装材料,套,0.0,2900.0,0.0,
邯郸,全站设备汇总,通信系统,通信传输,设备子架（含双路电源接入及主控、交叉、时钟、公务）,套,0.0,78400.0,0.0,
邯郸,全站设备汇总,通信系统,通信交换,IAD接入设备,台,0.0,4300.0,0.0,
邯郸,全站设备汇总,通信系统,通信交换,IAD接入设备,台,0.0,1450.0,0.0,
邯郸,全站设备汇总,通信系统,通信交换,MDF告警采集,套,0.0,5500.0,0.0,
邯郸,全站设备汇总,通信系统,通信交换,MDF配线模块,套,0.0,860.0,0.0,
邯郸,全站设备汇总,通信系统,通信交换,话机,部,0.0,95.0,0.0,
邯郸,全站设备汇总,通信系统,光缆监测,MDF告警监测终端,台,0.0,9800.0,0.0,
邯郸,洺关管理站,通信系统,通信传输,设备子架（含双路电源接入及主控、交叉、时钟、公务）,套,0.0,78400.0,0.0,
邯郸,洺关管理站,通信系统,通信传输,STM-4 光口,端口,0.0,14700.0,0.0,
邯郸,洺关管理站,通信系统,通信传输,以太网接口,端口,0.0,7300.0,0.0,
邯郸,洺关管理站,通信系统,通信传输,安装材料,套,0.0,2900.0,0.0,
邯郸,洺关管理站,通信系统,通信交换,IAD接入设备,台,0.0,4300.0,0.0,
邯郸,洺关管理站,通信系统,通信交换,MDF配线模块,套,0.0,860.0,0.0,
邯郸,洺关管理站,通信系统,通信交换,MDF告警采集,套,0.0,5500.0,0.0,
邯郸,洺关管理站,通信系统,通信交换,话机,部,0.0,95.0,0.0,
邯郸,洺关管理站,通信系统,光缆监测,MDF告警监测终端,台,0.0,9800.0,0.0,
邯郸,吴庄管理站,通信系统,通信传输,设备子架（含双路电源接入及主控、交叉、时钟、公务）,套,0.0,78400.0,0.0,
邯郸,吴庄管理站,通信系统,通信传输,STM-4 光口,端口,0.0,14700.0,0.0,
邯郸,吴庄管理站,通信系统,通信传输,以太网接口,端口,0.0,7300.0,0.0,
邯郸,吴庄管理站,通信系统,通信传输,安装材料,套,0.0,2900.0,0.0,
邯郸,吴庄管理站,通信系统,通信交换,IAD接入设备,台,0.0,1450.0,0.0,
邯郸,吴庄管理站,通信系统,通信交换,MDF配线模块,套,0.0,860.0,0.0,
邯郸,吴庄管理站,通信系统,通信交换,MDF告警采集,套,0.0,5500.0,0.0,
邯郸,吴庄管理站,通信系统,通信交换,话机,部,0.0,95.0,0.0,
邯郸,广府管理站,通信系统,通信传输,设备子架（含双路电源接入及主控、交叉、时钟、公务）,套,0.0,78400.0,0.0,
邯郸,广府管理站,通信系统,通信传输,STM-4 光口,端口,0.0,14700.0,0.0,
邯郸,广府管理站,通信系统,通信传输,以太网接口,端口,0.0,7300.0,0.0,
邯郸,广府管理站,通信系统,通信传输,安装材料,套,0.0,2900.0,0.0,
邯郸,广府管理站,通信系统,通信交换,IAD接入设备,台,0.0,1450.0,0.0,
邯郸,广府管理站,通信系统,通信交换,MDF配线模块,套,0.0,860.0,0.0,
邯郸,广府管理站,通信系统,通信交换,MDF告警采集,套,0.0,5500.0,0.0,
邯郸,广府管理站,通信系统,通信交换,话机,部,0.0,95.0,0.0,
邯郸,鸡泽管理站,通信系统,通信传输,设备子架（含双路电源接入及主控、交叉、时钟、公务）,套,0.0,78400.0,0.0,
邯郸,鸡泽管理站,通信系统,通信传输,STM-4 光口,端口,0.0,14700.0,0.0,
邯郸,鸡泽管理站,通信系统,通信传输,以太网接口,端口,0.0,7300.0,0.0,
邯郸,鸡泽管理站,通信系统,通信传输,安装材料,套,0.0,2900.0,0.0,
邯郸,鸡泽管理站,通信系统,通信交换,IAD接入设备,台,0.0,1450.0,0.0,
邯郸,鸡泽管理站,通信系统,通信交换,MDF配线模块,套,0.0,860.0,0.0,
邯郸,鸡泽管理站,通信系统,通信交换,MDF告警采集,套,0.0,5500.0,0.0,
邯郸,鸡泽管理站,通信系统,通信交换,话机,部,0.0,95.0,0.0,
邯郸,曲周管理所,通信系统,通信传输,设备子架（含双路电源接入及主控、交叉、时钟、公务）,套,0.0,78400.0,0.0,
邯郸,曲周管理所,通信系统,通信传输,STM-4 光口,端口,0.0,14700.0,0.0,
邯郸,曲周管理所,通信系统,通信传输,以太网接口,端口,0.0,7300.0,0.0,
邯郸,曲周管理所,通信系统,通信传输,安装材料,套,0.0,2900.0,0.0,
邯郸,曲周管理所,通信系统,通信交换,IAD接入设备,台,0.0,4300.0,0.0,
邯郸,曲周管理所,通信系统,通信交换,MDF配线模块,套,0.0,860.0,0.0,
邯郸,曲周管理所,通信系统,通信交换,MDF告警采集,套,0.0,5500.0,0.0,
邯郸,曲周管理所,通信系统,通信交换,话机,部,0.0,95.0,0.0,
邯郸,郭河管理站,通信系统,通信传输,设备子架（含双路电源接入及主控、交叉、时钟、公务）,套,0.0,78400.0,0.0,
邯郸,郭河管理站,通信系统,通信传输,STM-16光口,端口,0.0,19600.0,0.0,
邯郸,郭河管理站,通信系统,通信传输,以太网接口,端口,0.0,7300.0,0.0,
邯郸,郭河管理站,通信系统,通信传输,安装材料,套,0.0,2900.0,0.0,
邯郸,郭河管理站,通信系统,通信交换,IAD接入设备,台,0.0,4300.0,0.0,
邯郸,郭河管理站,通信系统,通信交换,MDF配线模块,套,0.0,860.0,0.0,
邯郸,郭河管理站,通信系统,通信交换,MDF告警采集,套,0.0,5500.0,0.0,
邯郸,郭河管理站,通信系统,通信交换,话机,部,0.0,95.0,0.0,
邯郸,东部水厂末端调流阀站,通信系统,通信交换,IAD接入设备,台,0.0,1450.0,0.0,
邯郸,东部水厂末端调流阀站,通信系统,通信交换,MDF配线模块,套,0.0,860.0,0.0,
邯郸,东部水厂末端调流阀站,通信系统,通信交换,MDF告警采集,套,0.0,5500.0,0.0,
邯郸,东部水厂末端调流阀站,通信系统,通信交换,话机,部,0.0,95.0,0.0,
邯郸,下庄管理站,通信系统,通信传输,设备子架（含双路电源接入及主控、交叉、时钟、公务）,套,0.0,78400.0,0.0,
邯郸,下庄管理站,通信系统,通信传输,STM-16光口,端口,0.0,19600.0,0.0,
邯郸,下庄管理站,通信系统,通信传输,以太网接口,端口,0.0,7300.0,0.0,
邯郸,下庄管理站,通信系统,通信传输,安装材料,套,0.0,2900.0,0.0,
邯郸,下庄管理站,通信系统,通信交换,IAD接入设备,台,0.0,1450.0,0.0,
邯郸,下庄管理站,通信系统,通信交换,MDF配线模块,套,0.0,860.0,0.0,
邯郸,下庄管理站,通信系统,通信交换,MDF告警采集,套,0.0,5500.0,0.0,
邯郸,下庄管理站,通信系统,通信交换,话机,部,0.0,95.0,0.0,
邯郸,邯钢新区调流阀站,通信系统,通信交换,IAD接入设备,台,0.0,1450.0,0.0,
邯郸,邯钢新区调流阀站,通信系统,通信交换,MDF配线模块,套,0.0,860.0,0.0,
邯郸,邯钢新区调流阀站,通信系统,通信交换,MDF告警采集,套,0.0,5500.0,0.0,
邯郸,邯钢新区调流阀站,通信系统,通信交换,话机,部,0.0,95.0,0.0,
邯郸,白村管理站,通信系统,通信传输,设备子架（含双路电源接入及主控、交叉、时钟、公务）,套,0.0,78400.0,0.0,
邯郸,白村管理站,通信系统,通信传输,STM-16光口,端口,0.0,19600.0,0.0,
邯郸,白村管理站,通信系统,通信传输,以太网接口,端口,0.0,7300.0,0.0,
邯郸,白村管理站,通信系统,通信传输,安装材料,套,0.0,2900.0,0.0,
邯郸,白村管理站,通信系统,通信交换,IAD接入设备,台,0.0,1450.0,0.0,
邯郸,白村管理站,通信系统,通信交换,MDF配线模块,套,0.0,860.0,0.0,
邯郸,白村管理站,通信系统,通信交换,MDF告警采集,套,0.0,5500.0,0.0,
邯郸,白村管理站,通信系统,通信交换,话机,部,0.0,95.0,0.0,
邯郸,马头管理所,通信系统,通信交换,IAD接入设备,台,0.0,4300.0,0.0,
邯郸,马头管理所,通信系统,通信交换,MDF配线模块,套,0.0,860.0,0.0,
邯郸,马头管理所,通信系统,通信交换,MDF告警采集,套,0.0,5500.0,0.0,
邯郸,马头管理所,通信系统,通信交换,话机,部,0.0,95.0,0.0,
邯郸,马电水厂调流阀站,通信系统,通信交换,IAD接入设备,台,0.0,1450.0,0.0,
邯郸,马电水厂调流阀站,通信系统,通信交换,MDF配线模块,套,0.0,860.0,0.0,
邯郸,马电水厂调流阀站,通信系统,通信交换,MDF告警采集,套,0.0,5500.0,0.0,
邯郸,马电水厂调流阀站,通信系统,通信交换,话机,部,0.0,95.0,0.0,
邯郸,肥乡分水口站,通信系统,通信传输,设备子架（含双路电源接入及主控、交叉、时钟、公务）,套,0.0,78400.0,0.0,
邯郸,肥乡分水口站,通信系统,通信传输,STM-16光口,端口,0.0,19600.0,0.0,
邯郸,肥乡分水口站,通信系统,通信传输,以太网接口,端口,0.0,7300.0,0.0,
邯郸,肥乡分水口站,通信系统,通信传输,安装材料,套,0.0,2900.0,0.0,
邯郸,肥乡分水口站,通信系统,通信交换,IAD接入设备,台,0.0,1450.0,0.0,
邯郸,肥乡分水口站,通信系统,通信交换,MDF配线模块,套,0.0,860.0,0.0,
邯郸,肥乡分水口站,通信系统,通信交换,MDF告警采集,套,0.0,5500.0,0.0,
邯郸,肥乡分水口站,通信系统,通信交换,话机,部,0.0,95.0,0.0,
邯郸,郎堡管理站,通信系统,通信交换,IAD接入设备,台,0.0,1450.0,0.0,
邯郸,郎堡管理站,通信系统,通信交换,MDF配线模块,套,0.0,860.0,0.0,
邯郸,郎堡管理站,通信系统,通信交换,MDF告警采集,套,0.0,5500.0,0.0,
邯郸,郎堡管理站,通信系统,通信交换,话机,部,0.0,95.0,0.0,
邯郸,临漳泵站,通信系统,通信交换,IAD接入设备,台,0.0,1450.0,0.0,
邯郸,临漳泵站,通信系统,通信交换,MDF配线模块,套,0.0,860.0,0.0,
邯郸,临漳泵站,通信系统,通信交换,MDF告警采集,套,0.0,5500.0,0.0,
邯郸,临漳泵站,通信系统,通信交换,话机,部,0.0,95.0,0.0,
邯郸,成安管理所,通信系统,通信传输,设备子架（含双路电源接入及主控、交叉、时钟、公务）,套,0.0,78400.0,0.0,
邯郸,成安管理所,通信系统,通信传输,STM-16光口,端口,0.0,19600.0,0.0,
邯郸,成安管理所,通信系统,通信传输,以太网接口,端口,0.0,7300.0,0.0,
邯郸,成安管理所,通信系统,通信传输,安装材料,套,0.0,2900.0,0.0,
邯郸,成安管理所,通信系统,通信交换,IAD接入设备,台,0.0,4300.0,0.0,
邯郸,成安管理所,通信系统,通信交换,MDF配线模块,套,0.0,860.0,0.0,
邯郸,成安管理所,通信系统,通信交换,MDF告警采集,套,0.0,5500.0,0.0,
邯郸,成安管理所,通信系统,通信交换,话机,部,0.0,95.0,0.0,
邯郸,魏广管理所,通信系统,通信传输,设备子架（含双路电源接入及主控、交叉、时钟、公务）,套,0.0,78400.0,0.0,
邯郸,魏广管理所,通信系统,通信传输,STM-16光口,端口,0.0,19600.0,0.0,
邯郸,魏广管理所,通信系统,通信传输,以太网接口,端口,0.0,7300.0,0.0,
邯郸,魏广管理所,通信系统,通信传输,安装材料,套,0.0,2900.0,0.0,
邯郸,魏广管理所,通信系统,通信交换,IAD接入设备,台,0.0,1450.0,0.0,
邯郸,魏广管理所,通信系统,通信交换,MDF配线模块,套,0.0,860.0,0.0,
邯郸,魏广管理所,通信系统,通信交换,MDF告警采集,套,0.0,5500.0,0.0,
邯郸,魏广管理所,通信系统,通信交换,话机,部,0.0,95.0,0.0,
邯郸,魏县管理所,通信系统,通信交换,IAD接入设备,台,0.0,4300.0,0.0,
邯郸,魏县管理所,通信系统,通信交换,MDF配线模块,套,0.0,860.0,0.0,
邯郸,魏县管理所,通信系统,通信交换,MDF告警采集,套,0.0,5500.0,0.0,
邯郸,魏县管理所,通信系统,通信交换,话机,部,0.0,95.0,0.0,
邯郸,广平管理所,通信系统,通信传输,设备子架（含双路电源接入及主控、交叉、时钟、公务）,套,0.0,78400.0,0.0,
邯郸,广平管理所,通信系统,通信传输,STM-16光口,端口,0.0,19600.0,0.0,
邯郸,广平管理所,通信系统,通信传输,以太网接口,端口,0.0,7300.0,0.0,
邯郸,广平管理所,通信系统,通信传输,安装材料,套,0.0,2900.0,0.0,
邯郸,广平管理所,通信系统,通信交换,IAD接入设备,台,0.0,4300.0,0.0,
邯郸,广平管理所,通信系统,通信交换,MDF配线模块,套,0.0,860.0,0.0,
邯郸,广平管理所,通信系统,通信交换,MDF告警采集,套,0.0,5500.0,0.0,
邯郸,广平管理所,通信系统,通信交换,话机,部,0.0,95.0,0.0,
邯郸,馆陶管理站,通信系统,通信交换,IAD接入设备,台,0.0,1450.0,0.0,
邯郸,馆陶管理站,通信系统,通信交换,MDF配线模块,套,0.0,860.0,0.0,
邯郸,馆陶管理站,通信系统,通信交换,MDF告警采集,套,0.0,5500.0,0.0,
邯郸,馆陶管理站,通信系统,通信交换,话机,部,0.0,95.0,0.0,
邯郸,于家店管理站,通信系统,通信交换,IAD接入设备,台,0.0,1450.0,0.0,
邯郸,于家店管理站,通信系统,通信交换,MDF配线模块,套,0.0,860.0,0.0,
邯郸,于家店管理站,通信系统,通信交换,MDF告警采集,套,0.0,5500.0,0.0,
邯郸,于家店管理站,通信系统,通信交换,话机,部,0.0,95.0,0.0,
邯郸,磁县末端水厂调流阀站,通信系统,通信交换,IAD接入设备,台,0.0,1450.0,0.0,
邯郸,磁县末端水厂调流阀站,通信系统,通信交换,MDF配线模块,套,0.0,860.0,0.0,
邯郸,磁县末端水厂调流阀站,通信系统,通信交换,MDF告警采集,套,0.0,5500.0,0.0,
邯郸,磁县末端水厂调流阀站,通信系统,通信交换,话机,部,0.0,95.0,0.0,
